lon,lat,depth,mag
142.945,40.974,54.2,4.9
142.945,40.116,27.0,6.0
142.756,39.464,35.0,4.8
143.304,39.598,27.7,4.8
142.435,41.262,56.5,4.6
142.469,41.211,54.1,5.6
142.051,40.801,57.2,5.4
143.265,39.72,36.2,4.7
143.098,39.813,41.6,4.6
143.021,39.904,42.2,4.6
142.346,41.292,52.0,5.0
143.023,40.926,35.0,5.1
141.749,38.806,94.3,4.5
142.618,41.198,45.7,4.7
143.626,39.807,10.0,5.0
143.676,40.585,31.8,4.5
142.174,41.024,66.8,4.6
140.04,36.174,62.9,4.8
142.516,41.149,60.7,4.6
142.982,40.844,35.0,4.6
143.001,40.944,38.9,4.7
142.937,40.997,32.6,5.3
142.877,40.948,35.0,4.6
142.813,40.89,19.0,6.7
142.812,41.126,29.0,5.0
142.632,41.272,43.1,4.8
143.057,40.856,42.8,4.5
142.672,40.902,33.0,5.7
142.4,41.219,50.8,4.5
143.602,39.351,10.0,4.7
142.668,41.015,51.6,4.5
142.392,41.273,53.8,4.6
142.758,40.988,49.3,4.5
142.961,41.173,43.5,4.5
142.286,41.313,60.1,5.0
142.834,41.336,52.9,4.6
142.145,41.21,54.9,4.9
142.759,40.826,47.8,5.6
143.017,41.117,49.6,5.0
143.15,40.976,19.0,6.6
143.22,40.997,48.9,4.6
143.214,40.902,31.3,5.1
143.123,40.988,22.8,6.0
143.09,41.027,44.9,4.8
143.063,40.944,39.1,5.0
142.477,40.889,35.0,5.5
142.184,40.998,40.7,7.6
143.329,39.546,31.7,4.9
142.591,42.06,57.7,4.6
141.895,38.197,54.9,4.6
143.599,39.527,10.0,4.5
144.291,42.454,81.3,5.0
142.206,36.241,10.0,4.7
143.5,39.684,11.0,5.5
143.448,39.216,10.0,5.0
142.74,40.851,44.2,4.9
142.446,39.167,42.8,4.5
143.217,39.764,17.6,5.2
143.511,39.675,10.0,4.5
143.225,39.713,29.6,4.7
142.103,37.311,31.7,4.6
143.531,39.308,10.0,5.2
143.262,39.601,31.6,4.5
141.704,36.082,28.0,4.7
143.31,39.491,10.0,4.6
143.561,39.734,10.0,4.9
143.224,39.8,35.0,5.3
143.187,39.6,36.5,4.5
143.653,39.34,10.0,4.5
143.233,39.584,13.7,5.1
143.518,39.644,10.0,4.6
143.564,39.579,10.0,4.6
143.355,39.463,10.0,4.5
143.585,39.544,31.8,4.7
143.453,39.566,11.0,6.0
143.59,39.584,10.0,5.1
143.404,39.296,17.7,4.8
143.081,39.206,10.0,5.4
143.493,39.735,10.0,4.6
143.513,39.246,9.1,5.3
143.202,39.527,10.0,4.7
143.26,39.666,10.0,4.9
143.621,39.357,15.4,5.1
143.588,39.383,10.0,4.5
143.472,39.576,10.0,4.5
143.311,39.502,10.0,5.0
143.221,39.561,10.0,4.8
143.282,39.824,40.1,4.8
143.338,39.498,10.0,4.5
143.272,39.319,10.0,4.5
143.484,39.434,10.0,4.5
143.588,39.304,10.0,5.2
143.396,39.594,10.0,4.6
143.488,39.382,10.0,5.1
143.445,39.408,10.0,4.6
143.45,39.612,10.0,5.7
143.17,39.395,10.0,4.6
143.433,39.43,10.0,4.6
143.352,39.342,10.0,5.0
143.447,39.656,10.0,4.5
143.385,39.492,10.0,5.4
143.31,39.497,10.0,6.4
143.462,39.305,10.0,5.2
143.392,39.46,10.0,5.6
143.403,39.348,10.0,5.9
143.23,39.577,10.0,5.5
143.212,39.623,10.0,4.7
143.341,39.628,20.5,5.3
143.378,39.485,18.0,6.8
142.341,42.034,70.6,4.5
143.443,39.381,10.0,4.7
143.333,39.448,13.9,5.1
143.872,39.263,35.0,4.9
143.303,39.496,28.9,5.1
143.473,39.391,10.0,4.8
143.244,39.401,28.7,4.7
143.416,39.502,16.2,5.6
143.338,39.429,12.2,5.4
143.291,39.574,30.0,5.2
143.3,39.428,43.9,4.5
143.276,39.439,43.3,4.5
143.48,39.481,10.0,4.9
143.236,39.485,40.1,4.9
143.38,39.466,10.0,4.9
142.48,40.33,58.5,4.5
144.531,41.911,33.6,4.8
143.55,39.38,10.0,4.5
143.613,39.353,10.0,5.2
143.561,39.954,10.0,4.9
143.645,39.991,10.0,4.5
143.521,40.025,10.0,4.6
143.532,40.02,10.0,4.9
142.122,39.126,69.9,4.5
141.178,37.286,25.6,4.6
140.036,35.762,85.4,4.6
139.364,36.607,12.4,4.6
140.036,35.695,76.7,4.6
141.98,37.415,46.9,4.7
139.479,39.612,11.9,4.6
142.448,38.609,46.2,4.7
142.995,42.246,61.8,4.6
141.285,36.465,35.0,4.5
144.011,37.702,10.0,4.6
144.136,37.692,10.0,4.7
141.292,37.574,57.8,5.1
144.151,37.855,10.0,4.7
144.315,37.822,10.0,4.5
144.129,37.692,10.0,4.9
144.106,37.792,11.1,4.9
141.552,37.421,54.2,5.9
141.069,37.391,74.0,4.6
139.983,35.522,106.4,4.5
144.071,37.908,10.0,4.5
143.855,38.004,10.0,4.5
144.084,37.965,10.0,4.6
144.123,37.814,10.0,4.5
144.127,37.741,10.0,4.5
144.22,37.67,10.0,4.8
144.252,37.645,10.0,4.5
144.045,37.869,10.0,4.6
144.19,37.77,10.0,4.6
142.58,36.409,10.0,4.5
140.846,36.194,38.9,4.6
141.059,35.41,34.9,4.5
144.806,39.232,10.0,4.6
141.966,37.066,44.4,4.5
142.807,39.127,35.0,4.5
141.882,39.454,72.5,4.7
141.7,37.296,47.8,4.9
142.065,38.453,51.7,5.5
141.02,36.65,91.7,4.6
142.11,38.799,52.5,4.5
142.309,38.757,40.0,5.6
140.526,42.033,128.4,5.1
141.167,36.492,50.1,4.9
144.789,42.297,35.0,5.4
141.6,36.419,35.0,4.7
145.188,40.674,10.0,4.5
145.521,42.316,25.2,5.4
144.998,40.506,10.0,4.5
143.056,42.304,58.0,5.2
142.972,41.212,45.1,4.8
139.566,42.06,190.9,4.6
140.638,36.441,50.9,4.9
142.581,36.077,10.0,4.6
144.289,37.661,10.0,4.9
142.093,36.694,21.5,4.8
140.47,36.539,63.2,4.6
143.829,36.576,10.0,4.7
144.63,42.204,34.6,4.8
142.001,38.581,58.4,5.0
140.106,35.597,70.0,4.5
144.545,42.303,37.6,4.6
142.398,41.279,54.6,4.5
141.602,37.828,67.0,4.5
144.613,42.3,41.9,4.5
143.483,41.786,42.8,5.1
142.179,38.443,28.9,4.7
143.602,41.782,37.3,4.7
143.687,41.743,27.0,5.8
144.054,37.542,10.0,4.6
144.551,42.272,35.5,4.8
144.469,42.365,48.6,4.8
144.652,42.296,35.0,4.5
144.49,42.27,21.0,6.0
142.94,42.317,60.0,4.5
143.115,42.268,65.4,5.3
141.287,36.794,43.9,4.5
142.532,41.915,48.0,5.4
141.38,37.164,10.0,4.7
140.429,37.097,98.5,4.8
140.166,35.894,77.9,4.5
142.043,41.587,60.7,5.3
143.469,41.722,40.3,4.5
140.939,36.368,49.7,4.5
139.668,35.606,77.8,4.5
142.531,41.901,62.2,4.6
141.837,40.493,66.0,4.5
142.436,36.629,10.0,4.5
142.998,41.107,51.3,4.6
141.659,37.457,40.1,4.6
139.765,36.037,116.2,4.5
140.038,35.433,85.6,4.5
143.035,42.327,65.1,4.5
141.768,39.272,65.4,4.5
140.904,35.806,22.0,4.7
141.911,40.961,59.8,4.6
140.134,41.266,10.0,4.5
142.716,42.006,56.9,4.5
142.7,38.505,35.0,4.8
138.782,37.247,176.2,4.5
140.294,36.948,98.7,4.5
142.018,38.309,55.7,4.5
142.289,40.212,57.1,5.2
139.15,36.386,148.5,4.5
141.754,38.17,67.0,4.5
142.658,40.012,35.0,4.5
140.322,36.007,96.1,4.5
141.083,42.375,109.6,4.6
143.104,40.983,51.8,4.6
141.395,37.578,69.0,4.8
141.544,39.875,78.9,4.5
138.905,35.475,38.3,4.5
142.853,41.112,43.7,4.9
142.143,38.364,38.4,5.1
141.753,39.242,77.1,4.6
141.332,41.682,89.6,5.0
139.285,36.992,10.0,4.5
139.311,37.022,10.0,4.8
141.52,38.813,76.4,4.6
142.053,41.585,55.3,4.8
139.714,36.34,94.3,4.5
140.282,41.228,158.6,4.8
142.081,35.813,10.0,5.1
141.586,37.37,45.5,5.3
140.583,35.361,46.3,4.6
139.929,36.262,76.1,4.5
140.546,35.098,49.1,4.8
142.043,40.387,10.0,4.5
140.108,35.512,74.3,4.5
142.18,42.12,13.6,4.6
140.686,41.111,123.1,4.8
142.115,38.715,44.2,5.3
142.828,40.97,34.3,4.6
142.327,40.202,62.4,4.7
141.774,38.035,69.2,4.5
141.069,41.058,10.0,4.9
141.013,41.039,9.9,5.0
140.747,35.801,50.5,4.7
140.844,36.052,53.3,4.5
142.636,38.741,41.2,4.5
141.519,39.99,80.6,4.5
141.304,36.268,42.7,4.5
140.821,35.876,44.5,4.6
139.722,36.103,76.8,4.5
143.343,39.999,35.0,4.5
142.061,37.033,35.0,4.7
141.285,36.172,35.0,4.5
142.29,40.24,60.4,5.2
139.946,35.989,81.1,4.6
140.002,35.488,75.3,4.8
140.056,35.93,63.3,4.9
140.737,37.612,103.9,4.5
143.357,42.211,48.9,4.6
141.872,37.993,52.5,4.5
141.056,35.53,39.0,4.7
143.391,39.822,35.0,4.5
143.283,41.578,48.1,4.5
142.677,41.692,54.2,4.5
140.228,35.625,51.0,4.5
141.062,40.369,111.0,4.5
143.06,39.938,40.9,4.6
142.107,37.486,42.0,4.7
143.121,39.861,39.5,4.9
141.775,37.075,41.5,4.7
138.939,35.503,37.9,4.6
140.563,36.735,35.0,4.8
140.482,36.814,35.0,4.7
141.883,38.562,55.7,4.5
139.312,35.412,30.3,5.0
139.522,42.016,193.6,5.2
143.322,39.533,27.4,4.7
142.19,37.204,32.5,4.5
139.446,35.62,125.5,4.6
143.664,39.524,10.0,5.3
142.921,38.811,27.9,4.6
141.086,40.145,11.4,4.5
141.742,38.437,60.5,4.5
140.853,36.809,88.0,4.7
141.614,36.712,23.6,4.9
141.071,40.183,13.5,4.6
142.453,37.025,16.3,4.5
140.31,35.084,47.6,5.1
140.642,36.456,67.5,4.5
142.687,35.508,6.6,4.7
141.94,37.59,41.9,4.5
140.037,35.604,70.1,4.5
141.241,37.064,46.7,4.7
141.569,36.241,29.0,4.6
141.052,36.483,58.0,4.5
142.411,40.24,49.4,4.7
140.161,35.736,65.9,4.5
140.158,35.735,67.4,4.5
142.519,42.042,68.5,4.7
142.203,38.585,61.6,4.5
140.685,35.549,43.0,4.7
140.048,36.102,66.3,4.8
140.992,35.821,20.1,4.5
144.323,41.697,11.2,5.0
141.294,37.328,26.9,4.6
139.063,40.202,10.0,4.6
140.587,36.423,55.0,5.1
139.889,36.048,60.5,4.5
143.226,40.878,26.4,5.4
142.445,41.977,63.3,5.0
141.856,37.71,29.0,6.1
141.52,41.899,112.0,4.5
141.698,40.144,73.0,5.9
139.748,35.974,45.0,5.2
143.688,41.742,44.5,4.5
141.455,37.133,48.6,5.3
143.755,40.412,24.9,4.7
141.123,37.083,44.0,5.6
142.045,41.46,63.3,4.6
141.3,37.059,48.3,4.6
142.369,41.933,61.0,4.9
142.094,41.11,56.7,4.9
140.275,36.144,61.3,4.5
140.291,35.283,38.8,4.5
140.294,35.239,27.3,4.5
140.403,35.244,19.9,4.9
140.632,35.371,23.1,5.1
140.048,36.045,81.9,4.5
140.547,35.288,23.0,4.8
142.467,41.994,58.8,4.8
143.528,39.569,10.0,5.0
141.913,38.372,64.3,4.5
140.027,35.387,97.5,4.5
142.311,40.228,50.0,4.6
143.836,37.873,10.0,4.8
142.327,35.179,10.0,4.7
141.872,37.682,44.4,4.5
141.295,35.391,28.1,4.8
142.346,41.972,64.6,4.5
139.956,35.533,70.1,5.1
145.073,42.458,33.7,5.1
141.147,36.622,51.5,4.5
142.795,39.167,39.7,4.5
142.413,40.56,38.3,4.8
142.252,41.959,63.0,4.7
142.231,40.155,20.5,4.5
140.942,35.204,13.2,5.0
141.115,35.144,21.0,4.8
140.856,35.16,27.3,4.8
141.143,35.136,10.0,4.6
141.014,35.243,10.0,5.2
141.306,35.097,10.0,4.5
141.185,35.141,28.1,4.7
144.39,37.838,29.2,4.5
139.683,36.22,77.9,4.7
142.41,37.484,39.1,4.5
141.835,37.959,52.1,4.7
140.454,35.012,55.2,4.7
142.54,37.911,32.9,4.8
140.57,36.498,71.3,4.5
142.214,41.235,42.0,5.8
144.716,39.173,10.0,4.6
141.722,37.828,51.9,4.7
143.155,39.888,36.5,4.6
142.578,38.952,33.2,4.7
142.501,38.939,41.5,4.7
141.183,36.948,36.4,4.5
142.055,41.512,53.8,4.9
140.152,41.074,168.3,5.1
141.988,37.862,47.8,4.5
142.396,40.658,60.0,4.5
142.309,40.202,53.5,5.1
141.86,38.672,59.7,4.5
144.189,40.064,10.0,4.6
140.242,36.891,116.0,4.5
141.479,37.544,65.9,4.5
141.218,38.327,75.8,4.5
144.993,40.344,10.0,4.7
144.288,41.878,41.8,4.6
141.658,38.523,51.0,5.5
141.516,37.197,42.1,4.5
142.101,38.914,40.5,5.2
141.886,37.641,43.4,4.7
141.641,36.693,35.7,4.5
140.164,35.66,66.7,4.5
140.136,35.7,66.5,4.9
142.416,37.061,11.7,4.8
142.694,36.449,10.0,5.0
142.629,36.534,10.0,4.6
141.089,35.436,38.8,4.8
143.487,39.522,25.3,4.5
143.303,39.552,18.0,5.8
141.841,40.271,36.4,4.6
143.049,42.316,61.2,4.9
142.011,38.018,52.1,4.5
141.744,39.803,67.0,4.6
142.71,41.274,41.6,4.5
142.83,41.122,34.0,5.9
142.098,36.086,28.0,4.6
142.287,37.235,27.9,4.5
140.578,40.277,125.2,4.9
142.041,36.899,58.7,4.5
143.389,39.641,17.3,4.8
139.925,36.366,84.3,4.6
144.369,41.39,10.0,4.7
140.095,35.936,72.3,4.5
140.593,36.448,61.7,4.8
142.759,40.067,35.0,5.0
140.41,35.607,55.6,4.6
142.481,42.386,35.0,4.6
141.103,35.501,39.3,4.9
143.706,39.961,10.0,4.5
141.412,35.728,35.0,4.6
142.002,37.258,39.8,4.7
142.603,41.397,53.2,5.0
143.746,40.257,10.0,4.8
142.733,41.142,34.0,5.6
140.761,35.629,44.8,4.9
141.752,36.312,33.9,4.5
142.059,36.245,27.7,4.5
142.269,37.218,35.0,4.5
140.05,35.713,73.9,4.8
142.574,41.978,61.6,5.0
140.714,35.582,30.4,4.6
140.528,35.529,42.0,6.1
142.517,42.117,66.8,4.6
144.463,39.62,10.0,4.5
143.016,42.331,61.9,5.2
140.091,35.117,39.5,5.2
141.983,41.51,59.0,5.9
141.978,39.42,62.5,4.6
144.335,41.688,33.0,4.5
142.471,42.064,68.4,4.5
138.764,38.288,15.2,4.6
142.79,41.156,50.3,4.9
142.815,41.143,37.0,6.0
141.677,38.334,60.2,4.9
140.343,36.406,83.7,4.7
143.15,40.282,22.0,5.6
142.904,42.298,84.8,4.5
142.301,36.082,10.0,4.6
140.94,35.455,31.3,4.6
140.109,35.703,53.7,4.6
142.946,42.182,58.3,4.8
140.449,36.376,56.7,4.5
144.56,42.323,41.2,5.2
141.764,42.35,126.7,4.5
140.836,35.884,74.9,4.5
140.738,35.676,44.2,4.5
144.415,42.352,74.9,4.8
140.983,35.874,44.4,4.7
142.051,38.568,56.0,4.6
144.476,37.914,10.0,4.5
145.097,42.483,29.3,4.8
141.658,37.695,58.0,4.6
142.112,37.85,26.5,4.5
139.294,35.353,146.9,4.7
141.682,37.588,52.6,4.9
141.566,37.747,61.7,4.5
142.1,38.924,47.9,5.0
142.328,41.165,56.7,4.8
143.078,39.862,31.2,4.5
141.067,35.338,25.8,4.9
141.408,37.089,42.7,4.6
141.643,37.48,47.7,4.7
144.999,42.172,35.0,4.5
142.644,40.211,35.0,5.1
142.484,36.58,25.2,4.5
141.82,37.821,57.4,4.6
141.952,37.639,38.9,4.5
140.484,41.524,10.7,5.0
140.362,35.355,32.9,4.5
143.379,40.387,19.0,4.8
143.202,41.119,39.6,4.7
142.012,39.441,54.1,4.6
144.493,41.772,10.0,4.7
144.378,41.762,10.0,4.9
141.663,37.217,27.7,4.8
140.966,36.422,54.7,4.5
142.326,41.088,55.2,4.8
140.424,35.37,51.0,4.5
143.908,40.49,10.0,4.9
143.845,40.515,10.0,4.8
142.185,40.24,58.2,4.5
141.708,37.28,48.1,5.0
142.859,41.176,48.9,4.6
141.653,36.131,35.5,4.5
140.266,35.737,65.2,4.5
141.227,37.056,49.6,4.5
141.804,38.184,56.7,4.6
140.152,35.608,64.9,4.5
142.347,40.783,66.5,4.9
140.034,36.186,56.3,4.8
140.215,35.585,66.6,4.8
140.142,35.568,73.5,4.9
144.941,41.961,14.3,5.1
141.86,37.35,47.9,4.7
144.76,41.908,30.3,5.0
144.781,41.966,22.9,5.3
144.884,42.02,10.0,4.6
145.05,41.902,10.0,4.6
144.966,41.922,10.0,4.9
141.849,40.983,66.6,4.5
144.782,39.264,10.0,4.5
141.209,37.416,40.7,4.9
143.363,39.648,23.7,5.2
143.405,39.61,26.1,4.6
143.435,39.69,27.9,4.6
139.091,35.946,130.4,4.5
142.035,37.809,45.2,4.6
140.719,36.409,41.5,4.5
141.76,37.594,51.2,4.7
142.172,38.842,45.6,4.6
144.166,42.097,35.0,4.9
142.015,37.314,40.5,4.5
141.237,37.127,14.7,4.5
142.0,38.759,64.9,4.8
142.494,38.469,35.0,4.5
140.593,36.799,10.0,4.7
142.836,40.59,35.0,5.0
140.875,39.852,5.5,4.5
141.932,37.8,49.5,4.5
140.345,36.018,83.4,4.7
141.286,35.206,31.3,4.8
141.194,35.178,12.1,5.0
141.9,40.153,64.2,4.6
139.664,36.286,89.4,4.5
142.268,38.348,48.5,4.6
140.769,35.814,47.2,4.8
142.094,41.571,60.7,5.2
144.947,41.994,10.0,5.0
140.145,41.19,169.1,5.0
140.559,36.731,34.5,4.5
141.818,37.853,59.7,4.7
139.78,35.79,92.2,4.6
140.471,35.372,24.6,4.5
141.501,37.537,51.4,4.5
141.827,37.818,57.5,4.5
141.726,37.596,46.9,5.1
141.31,35.509,35.0,4.9
140.977,35.48,40.8,4.6
140.96,35.478,38.7,4.6
141.668,39.878,70.5,4.5
141.092,36.283,22.8,5.0
141.712,37.631,50.2,5.4
139.93,35.996,54.6,4.5
141.323,40.609,87.5,5.2
141.67,37.512,44.0,4.6
142.038,37.516,36.6,4.5
140.89,36.185,80.3,4.5
141.23,37.15,45.0,4.8
141.514,37.778,68.8,4.5
141.9,41.57,57.0,4.6
142.032,38.439,73.6,5.3
142.948,42.317,60.6,4.7
142.155,38.536,45.8,4.9
140.412,36.91,88.0,4.6
141.7,37.617,54.4,4.9
141.814,37.577,44.4,4.9
142.202,41.871,65.2,4.9
143.494,40.336,15.5,4.5
141.915,38.562,56.5,4.7
140.168,35.977,63.8,4.5
140.973,36.278,43.3,5.1
141.744,37.81,51.9,4.8
143.099,41.236,34.0,5.5
143.017,42.173,50.9,4.7
141.313,36.814,10.3,5.4
143.086,41.006,25.0,5.2
142.733,40.158,40.6,4.6
142.344,38.603,41.6,4.6
139.794,36.16,65.1,5.0
139.461,35.622,134.5,4.8
142.305,41.185,58.4,4.7
140.435,35.18,88.4,4.6
143.796,41.758,36.4,5.2
140.314,36.924,94.8,5.3
141.005,37.177,68.1,4.5
141.499,36.196,26.4,5.0
141.96,37.31,29.9,4.7
141.629,37.808,53.6,4.8
140.032,35.678,61.7,4.5
140.026,35.71,53.8,4.8
141.684,37.375,33.8,5.4
140.622,36.464,54.2,4.6
140.056,35.57,59.5,4.8
141.841,40.123,33.6,4.6
141.922,37.722,57.7,4.6
141.648,37.841,56.9,4.6
142.978,42.373,55.4,5.0
141.394,37.58,49.2,4.7
141.362,37.578,40.4,5.2
139.264,36.124,119.7,4.5
141.819,37.809,51.7,4.5
141.644,37.766,54.7,4.5
142.016,37.844,54.8,4.5
143.367,39.492,30.5,4.5
143.422,39.459,19.8,4.6
141.781,37.767,51.9,5.1
141.977,40.112,29.6,5.1
142.048,37.975,56.4,4.7
141.781,37.757,48.6,4.7
141.899,37.821,53.9,4.5
141.89,37.795,57.3,4.6
141.853,37.806,55.0,5.5
142.251,37.9,55.9,4.6
141.932,37.78,60.4,5.2
141.795,37.864,58.6,5.2
141.765,37.863,66.7,5.0
142.14,37.853,49.1,5.3
141.579,37.713,41.0,7.3
141.674,37.647,57.2,6.0
142.69,35.596,10.0,4.8
144.385,42.136,35.0,4.8
143.696,39.606,10.0,5.1
143.5,39.637,10.0,4.7
142.42,39.326,51.6,4.9
141.285,37.526,58.3,4.6
142.954,37.419,10.0,4.8
140.806,35.919,55.8,4.5
140.984,36.218,36.1,4.6
141.689,38.215,56.2,5.1
142.536,42.078,50.1,4.9
140.579,35.866,45.0,4.5
144.156,42.437,45.8,4.9
141.056,37.139,38.7,4.5
142.066,41.593,60.0,4.5
142.393,39.155,52.0,4.5
145.102,40.499,10.0,4.5
144.821,38.618,10.0,5.0
141.75,38.209,61.1,4.5
140.484,35.977,59.7,4.5
141.664,38.301,67.0,4.5
141.525,37.708,61.4,4.5
141.969,39.751,64.4,4.7
140.212,35.598,57.0,4.6
142.307,41.944,66.0,4.6
141.125,35.622,42.8,4.5
141.451,35.215,25.0,4.5
142.665,42.392,40.8,5.1
144.275,35.826,10.0,4.6
139.787,36.138,55.9,4.9
141.642,37.751,54.2,5.1
141.294,37.19,10.0,4.9
141.929,36.136,35.0,4.6
142.06,41.421,57.4,4.9
141.338,37.654,68.7,4.5
142.864,41.573,50.0,4.6
139.034,35.546,26.6,4.5
141.264,35.171,10.0,4.6
141.415,35.224,10.0,4.5
141.784,37.722,57.2,4.8
140.091,36.188,51.7,5.0
141.445,35.217,10.0,4.8
141.328,35.143,10.0,4.9
141.416,35.201,10.0,4.5
141.534,35.277,10.0,4.7
141.42,35.228,10.0,4.7
141.589,35.163,10.0,4.6
140.226,36.196,71.4,4.9
141.496,35.202,10.0,4.6
141.514,35.072,10.0,4.5
141.905,39.421,60.2,4.8
141.685,36.396,35.0,4.6
142.217,38.898,50.5,4.8
139.515,35.799,109.5,4.6
141.411,36.921,38.6,4.5
141.53,41.623,89.2,4.6
140.161,35.647,71.0,4.5
141.217,36.384,31.8,4.5
140.507,37.091,36.0,4.7
141.954,41.072,59.0,4.5
144.96,40.227,10.0,4.5
139.856,36.007,58.5,4.5
141.257,37.078,46.0,4.6
143.018,35.951,10.0,4.5
143.1,36.026,10.0,4.6
140.528,36.534,55.3,5.2
139.55,35.358,81.2,4.5
142.433,37.197,31.9,4.5
142.242,37.26,22.5,4.9
143.052,41.505,36.4,4.5
142.798,41.61,35.0,4.5
142.825,41.512,38.4,5.3
141.54,38.276,71.2,4.6
142.145,40.968,67.9,4.8
143.075,42.346,61.7,4.9
142.206,40.076,52.7,5.0
141.972,42.371,93.9,4.6
142.343,41.188,61.8,4.5
140.07,35.574,62.0,5.9
142.141,40.053,55.0,5.7
142.023,38.16,45.5,4.5
142.102,38.493,38.7,4.8
141.997,38.514,67.6,4.6
140.694,36.458,57.6,4.5
141.165,36.706,50.4,4.6
142.047,38.599,59.2,4.6
138.281,37.336,10.0,4.5
141.804,38.151,62.5,4.5
141.602,37.764,48.0,4.5
142.355,38.578,35.0,4.6
142.597,39.339,49.3,4.9
141.862,39.187,74.5,4.5
141.388,35.361,35.0,4.5
142.558,41.264,48.5,4.6
141.687,37.721,65.0,4.6
143.115,35.925,10.0,4.5
141.28,36.44,26.5,5.0
141.12,36.445,34.4,4.8
142.694,35.906,10.0,4.5
145.072,40.718,10.0,4.7
141.775,37.582,57.0,5.3
142.491,36.039,10.0,5.2
141.813,36.712,11.8,4.5
141.074,36.573,35.0,4.5
141.168,38.662,108.6,4.5
141.592,36.267,35.0,4.5
141.895,36.237,27.1,4.8
141.245,36.828,41.7,4.5
141.981,36.178,10.0,4.8
141.862,36.208,34.1,4.8
141.862,36.178,14.0,5.4
142.337,36.183,10.0,4.6
142.052,36.258,10.0,4.8
141.994,36.242,12.6,4.8
141.788,36.177,23.5,4.5
142.072,36.143,10.0,4.9
142.169,36.079,10.0,4.5
141.969,36.244,10.0,4.5
142.347,36.169,10.0,4.5
142.1,36.14,10.0,5.2
141.93,36.215,26.4,4.7
141.901,36.238,23.5,4.9
142.14,36.159,21.9,4.9
142.104,36.098,27.0,5.8
142.202,37.35,37.1,4.7
141.986,36.891,35.0,4.5
142.075,36.189,20.1,4.6
141.94,36.198,35.0,4.5
141.934,36.195,17.0,5.0
141.928,36.173,17.2,4.6
141.898,36.218,16.0,4.5
141.843,36.178,27.5,4.7
142.421,40.166,40.5,4.5
141.568,36.684,42.9,4.6
141.077,35.3,37.6,4.5
140.038,36.369,79.3,4.6
140.968,36.616,46.8,4.6
141.254,37.376,92.5,4.6
142.062,41.482,55.9,5.2
142.374,36.963,35.0,4.5
139.206,36.97,10.0,4.5
139.194,36.979,10.0,4.6
143.596,39.866,11.7,4.6
143.754,37.283,19.1,5.3
140.423,39.592,135.6,4.5
144.439,37.823,10.0,4.6
142.844,42.199,76.1,4.6
142.285,41.001,56.7,4.8
142.365,40.121,42.5,5.0
139.722,35.558,130.5,4.5
142.193,39.899,44.1,4.9
143.06,36.408,10.0,5.3
141.831,37.815,58.2,4.8
142.225,37.685,46.2,4.5
144.279,42.001,25.0,4.6
142.496,40.196,37.7,4.8
142.568,42.047,56.9,4.9
141.987,36.31,12.0,5.5
141.996,36.441,10.0,5.0
141.909,36.345,10.0,4.9
142.121,36.319,10.0,5.2
143.158,40.518,38.2,4.8
141.203,36.467,47.5,4.5
140.136,35.89,67.8,4.6
144.035,42.105,48.0,4.7
141.615,37.635,48.2,4.5
144.474,42.016,9.0,5.7
141.762,36.252,20.7,4.7
142.554,42.462,25.4,4.5
141.817,37.717,32.0,6.0
143.401,40.205,10.0,4.6
141.852,37.186,9.5,5.0
141.597,38.2,43.0,6.9
140.582,39.498,142.1,4.5
142.003,39.966,66.5,4.6
138.533,36.337,169.3,4.8
141.5,38.07,56.4,4.9
141.882,38.254,31.4,5.6
141.95,38.348,41.0,5.6
142.067,38.308,51.7,4.5
140.088,36.137,73.4,4.7
142.122,38.927,41.8,4.6
142.04,41.523,47.7,4.8
141.943,36.231,35.0,4.6
140.452,35.71,56.7,4.5
141.895,37.605,54.5,4.7
141.832,38.33,61.1,4.6
141.648,38.452,43.0,7.0
142.386,40.232,39.7,4.5
141.613,37.678,45.9,5.0
139.77,36.174,56.4,5.0
142.339,40.267,51.8,4.9
141.556,38.79,83.3,4.9
141.662,37.77,55.5,4.6
142.391,42.086,50.0,4.5
142.468,42.032,62.2,4.6
141.97,37.486,51.9,4.5
144.345,42.152,25.6,4.6
141.971,37.716,52.5,4.6
141.291,37.333,66.8,4.6
142.064,41.053,64.2,4.6
141.649,37.596,56.6,4.6
141.407,37.371,51.1,4.5
141.662,37.647,52.9,4.5
142.715,40.727,32.3,5.0
141.275,40.202,10.0,4.8
141.738,37.656,49.1,4.8
141.61,37.769,58.2,4.5
141.624,37.634,52.1,4.6
141.932,38.339,41.4,4.6
141.334,37.548,30.2,5.4
141.584,37.486,35.4,5.3
141.751,37.596,54.6,4.6
141.532,37.487,43.7,5.1
141.958,37.57,59.6,4.6
142.572,39.086,40.3,5.2
141.736,37.722,57.2,4.5
141.762,37.693,45.1,5.4
141.505,37.63,52.0,4.9
141.845,37.589,51.3,4.7
141.775,37.726,44.0,7.1
143.544,41.326,35.0,4.8
145.016,42.312,28.0,5.0
141.886,37.352,34.9,4.6
141.698,40.082,69.2,4.6
141.104,37.224,69.5,4.5
140.65,36.444,69.2,4.6
144.921,42.085,10.0,4.9
141.536,37.162,44.2,4.7
142.62,42.322,108.2,5.0
141.472,37.34,36.2,4.6
141.826,36.656,35.7,4.6
142.88,39.574,52.6,4.6
143.244,42.463,62.6,4.8
141.693,37.767,43.8,4.5
142.616,37.856,34.9,4.6
143.332,39.841,26.8,4.9
140.61,36.486,43.5,5.0
142.097,41.582,65.4,4.5
143.881,37.523,10.0,4.5
141.012,36.572,65.3,4.6
141.283,37.233,29.1,4.8
142.581,40.867,35.0,6.3
142.836,42.269,52.4,4.6
142.473,38.685,43.0,4.9
140.004,35.999,48.6,4.6
144.143,39.154,10.0,4.9
140.519,35.852,42.8,4.7
142.055,40.121,44.0,5.5
142.632,41.994,62.1,4.6
143.074,39.232,31.5,4.5
142.32,39.676,52.4,4.5
141.017,35.648,33.2,4.5
141.11,36.589,33.0,5.5
140.968,38.629,91.8,4.6
142.354,40.235,55.1,4.9
143.362,40.926,21.0,5.2
143.339,40.884,14.3,4.6
143.237,40.915,10.0,5.0
143.38,40.879,10.0,4.6
143.255,40.99,12.0,5.5
141.884,36.159,38.6,4.5
140.166,35.712,64.8,4.8
142.693,40.119,30.8,4.6
141.899,37.311,35.0,4.5
144.679,37.845,10.0,4.6
142.657,42.03,68.3,4.5
141.969,39.406,95.8,4.6
141.917,39.495,57.4,4.7
140.824,36.31,83.7,4.9
143.766,42.431,60.0,4.5
142.141,38.799,43.0,4.8
141.317,40.453,92.1,4.5
142.946,40.337,40.5,4.6
140.556,36.78,10.0,4.7
140.456,36.528,68.4,4.6
141.88,39.497,64.8,4.7
140.583,35.942,41.8,4.6
142.711,40.721,41.2,4.8
142.275,38.696,43.8,4.5
142.342,38.681,38.8,5.0
142.245,38.748,34.0,6.1
141.545,42.494,131.6,5.0
144.642,38.367,10.0,4.8
141.536,35.021,10.0,4.6
141.594,35.066,10.0,4.5
141.567,36.658,31.2,5.1
145.041,40.375,38.6,4.6
142.564,37.128,35.0,5.3
142.747,41.944,77.6,4.6
143.479,42.493,65.8,4.8
139.762,36.193,79.0,4.5
141.71,36.674,35.0,4.5
145.084,42.466,35.0,4.5
142.245,38.836,43.5,4.5
140.393,35.295,59.9,4.6
142.644,41.39,49.4,4.6
140.315,35.289,46.4,4.6
140.202,35.657,58.9,4.5
141.446,37.494,58.2,4.5
138.674,37.422,165.3,5.1
141.842,36.14,28.0,5.3
144.189,36.57,10.0,4.6
142.492,39.206,56.1,4.5
140.22,41.301,147.8,4.5
140.707,35.875,34.1,4.6
142.327,38.397,35.0,4.5
142.205,36.757,35.0,4.6
142.071,36.723,18.4,4.7
141.787,37.517,48.1,4.5
142.669,41.138,52.7,4.8
143.046,41.027,41.2,4.9
141.949,38.969,70.1,4.6
143.233,39.872,28.9,4.5
139.753,36.04,65.2,4.6
142.472,37.2,21.8,4.5
140.325,41.376,127.6,4.5
141.628,37.526,45.5,4.9
140.521,35.345,46.4,4.7
142.376,37.102,35.0,4.5
140.861,35.615,43.2,4.6
138.672,37.637,201.8,4.5
141.074,35.471,29.0,5.9
141.694,37.823,73.1,4.5
143.898,39.277,53.6,4.7
142.226,37.153,35.0,4.5
140.798,35.608,46.6,4.5
140.659,36.476,59.6,4.9
144.506,37.637,10.0,5.0
141.526,38.318,50.0,4.5
140.365,36.203,98.6,5.2
143.809,42.48,89.0,5.6
142.447,38.682,25.2,4.6
141.277,37.616,44.3,5.1
141.676,38.217,46.8,5.0
140.172,36.274,54.1,4.5
142.127,38.747,35.8,4.5
141.798,40.229,15.6,4.6
141.127,36.357,31.0,5.8
143.659,42.225,58.3,4.6
141.617,40.272,43.5,4.5
141.765,37.461,36.9,4.7
140.055,35.559,71.2,5.1
141.186,36.379,32.5,4.7
140.875,35.686,42.4,5.6
142.777,40.922,36.2,5.2
142.608,42.03,54.0,4.5
144.945,42.131,10.0,5.0
140.077,36.173,73.2,4.9
141.929,41.509,53.3,5.2
142.005,38.895,38.0,6.3
141.286,37.039,35.0,4.6
141.968,41.735,46.3,4.6
140.01,36.214,58.1,4.8
142.339,41.939,59.5,4.5
140.566,37.619,88.6,4.5
143.845,40.689,10.0,4.5
141.155,36.386,36.1,4.9
142.336,41.948,54.9,4.9
141.384,37.143,37.1,4.5
138.352,42.319,230.2,5.0
140.591,39.728,52.2,4.5
144.655,39.35,10.0,4.8
143.294,39.42,28.2,4.7
140.473,35.334,35.0,4.5
140.147,35.896,57.0,4.6
144.968,40.88,10.0,4.5
141.381,37.322,77.9,5.2
140.25,37.869,98.7,4.5
144.123,36.414,31.8,4.8
141.802,36.282,10.0,5.3
138.786,35.534,183.9,4.7
140.064,35.884,64.0,5.3
140.728,35.651,35.4,5.2
141.876,41.14,65.0,4.5
142.829,36.448,10.0,4.6
141.855,36.512,35.0,4.7
142.017,37.021,29.6,4.6
140.659,36.545,47.8,4.6
140.938,36.137,48.4,4.8
139.916,36.082,40.9,5.0
142.993,36.498,10.0,4.5
142.019,37.156,23.2,4.9
139.369,40.195,186.2,4.7
141.249,35.81,31.0,5.7
142.71,37.922,10.0,4.9
141.661,38.621,65.0,4.9
144.46,38.356,10.0,4.6
140.808,38.993,10.0,4.6
142.222,38.925,60.0,4.6
142.066,40.556,49.3,5.1
140.784,36.257,85.1,4.6
140.833,35.122,50.0,4.7
139.563,35.01,34.6,4.6
141.826,37.763,44.8,5.2
142.669,39.452,50.7,4.6
141.775,37.462,35.0,4.7
140.305,36.882,53.0,4.6
139.704,36.835,10.0,4.7
140.426,36.842,26.9,5.0
139.866,36.13,53.3,4.6
141.825,40.297,57.1,4.6
143.017,39.162,19.0,5.4
139.465,35.6,124.7,4.5
141.932,37.92,35.0,4.5
139.838,36.064,52.6,4.7
142.635,36.459,10.0,4.6
141.037,36.499,42.9,4.6
143.99,40.255,10.0,5.2
142.142,41.468,58.4,4.6
142.046,41.614,111.5,4.7
142.763,36.419,10.0,4.6
142.654,40.994,39.0,4.8
143.144,42.341,60.5,4.7
139.925,36.006,49.7,4.6
141.75,37.342,35.3,4.7
142.65,36.47,10.0,4.7
142.509,36.511,10.0,4.6
140.154,35.881,97.6,4.6
142.275,38.355,25.8,4.5
140.785,35.666,43.0,4.5
140.158,35.683,65.0,4.6
145.448,40.388,10.0,4.8
143.077,42.282,66.7,4.6
142.551,41.92,59.0,4.5
142.178,38.441,42.0,4.5
141.764,39.766,58.1,4.7
144.361,42.318,35.7,4.6
142.182,38.568,35.0,4.5
142.206,38.637,40.4,4.7
142.199,36.086,10.0,4.5
143.819,42.385,60.7,4.6
140.112,35.713,70.2,4.6
142.273,41.762,54.4,4.5
142.012,37.41,34.1,4.6
141.659,37.777,35.0,4.5
144.471,39.066,10.0,4.8
142.903,42.246,71.5,4.5
140.604,36.532,56.1,4.9
142.108,38.859,51.6,4.6
144.54,42.007,36.8,4.6
142.037,39.307,53.1,4.9
142.066,36.95,34.9,4.5
140.738,36.438,47.0,4.5
142.647,39.435,43.7,4.7
141.96,41.247,56.6,4.7
142.02,39.302,47.5,4.7
140.241,35.587,55.4,4.6
143.314,37.042,10.0,4.6
142.058,41.594,56.8,5.2
143.315,36.903,10.0,4.6
143.223,39.394,23.1,4.6
142.996,41.068,23.8,5.9
139.052,35.488,19.4,4.6
142.023,41.485,57.9,4.7
142.501,37.334,11.6,5.1
141.874,37.216,40.9,4.6
141.851,38.391,48.4,4.5
142.662,38.646,65.4,4.7
140.088,35.278,10.0,4.5
143.1,42.417,23.6,4.5
139.424,38.564,11.5,4.5
143.859,42.087,57.3,4.8
142.208,38.566,38.2,4.8
141.186,40.918,89.6,4.7
141.244,40.828,86.0,5.4
142.408,38.822,38.9,4.5
141.247,37.346,35.0,4.5
141.603,37.759,38.0,6.3
141.594,39.688,73.2,4.6
140.959,35.832,35.0,4.6
140.688,35.134,44.7,5.0
144.368,42.259,35.0,4.7
141.628,38.995,77.0,4.8
141.527,37.213,39.7,4.6
142.083,38.849,40.2,4.5
139.1,35.528,26.4,4.5
141.715,38.251,60.2,4.5
142.125,41.216,44.4,5.2
141.061,36.322,35.0,4.5
139.477,38.639,12.0,6.4
140.738,36.542,73.8,4.9
142.739,39.015,30.3,4.8
144.09,41.041,18.9,4.8
141.624,38.482,58.4,4.6
142.211,38.869,37.2,4.5
143.276,39.463,26.3,4.6
140.397,35.291,33.2,4.5
141.939,36.234,10.0,4.5
140.683,36.763,20.1,4.5
143.254,39.838,24.6,4.6
140.333,35.3,30.0,4.9
139.331,36.009,110.6,4.6
141.68,38.96,75.2,4.8
141.237,37.212,10.0,4.6
142.057,40.043,55.8,4.6
142.624,35.322,10.0,4.8
142.324,38.734,37.2,4.6
141.87,38.275,35.0,4.6
142.248,39.048,50.8,4.8
140.786,36.54,56.0,4.5
142.819,42.455,110.5,5.4
142.088,37.358,34.2,4.5
141.672,38.496,56.3,4.5
143.695,40.662,10.0,5.4
140.458,39.214,139.5,4.5
140.461,38.23,101.6,4.5
144.821,42.482,40.4,5.0
143.298,40.41,18.0,6.0
142.315,41.956,68.2,4.6
144.659,38.794,10.0,4.6
142.567,41.971,66.8,4.5
141.045,36.425,45.1,4.6
141.138,37.166,35.0,4.5
142.174,37.154,22.4,4.6
143.658,42.424,82.8,4.8
140.314,37.421,99.4,4.6
143.664,36.88,10.0,4.5
142.946,36.565,10.0,4.7
142.941,36.546,10.0,4.7
141.227,37.224,35.0,4.5
142.154,36.839,30.2,4.5
142.349,36.815,10.0,4.5
142.474,36.514,10.0,4.5
142.346,36.866,10.0,4.6
142.429,36.732,10.0,5.0
142.278,36.995,10.0,4.7
142.341,36.835,10.0,4.9
142.358,36.832,13.0,5.7
141.637,38.707,65.5,4.9
146.894,41.947,18.7,5.9
141.063,35.518,36.5,4.5
142.053,38.292,35.0,4.9
141.682,38.835,71.3,4.6
141.995,36.394,20.2,4.8
143.932,41.716,15.2,4.9
141.34,35.468,36.7,4.7
141.268,37.102,56.2,4.8
141.106,35.556,32.8,5.0
142.222,40.333,48.2,5.5
142.381,40.824,46.3,4.8
140.57,35.9,50.0,5.1
142.573,42.022,63.7,4.8
139.875,36.19,53.4,5.0
141.358,37.282,10.0,4.9
141.141,37.34,42.8,4.5
140.028,35.004,46.8,4.6
143.167,41.472,35.0,4.5
141.443,38.722,99.8,4.7
143.641,39.442,21.0,4.5
141.434,37.49,44.9,5.1
143.079,42.351,52.0,5.2
142.097,38.742,42.3,4.9
141.43,41.815,127.8,4.6
141.792,39.222,60.6,4.7
142.548,37.896,28.4,4.8
140.617,36.537,57.5,4.7
144.296,37.348,10.0,4.8
140.87,36.484,54.6,4.5
141.326,37.081,40.5,4.9
141.801,36.321,21.9,4.5
142.01,36.31,18.1,4.5
142.393,39.112,26.2,4.7
141.508,40.841,83.7,4.6
141.024,36.544,40.4,4.7
143.179,41.364,9.0,5.4
139.76,36.07,54.2,4.8
141.84,38.871,48.7,4.5
142.442,40.084,42.4,4.5
141.209,37.141,48.0,4.8
140.715,35.738,47.1,4.5
142.765,42.001,73.6,4.5
141.876,41.48,37.4,4.5
142.081,39.633,47.1,4.5
144.13,37.766,36.1,4.6
144.541,39.057,10.0,4.6
142.553,40.734,46.2,4.5
141.932,38.74,57.2,4.6
141.484,41.835,105.2,4.7
141.996,36.325,15.1,4.5
141.001,42.296,126.9,4.5
141.649,37.396,41.8,4.9
141.237,36.497,46.6,4.5
141.654,36.904,35.0,4.9
142.329,37.187,8.7,4.5
142.321,40.196,53.6,4.8
141.29,36.901,9.7,4.8
141.785,38.316,40.0,5.7
142.27,37.339,23.4,4.5
141.91,38.287,35.0,4.6
143.852,37.803,10.0,4.5
141.475,37.546,43.0,5.0
140.601,35.17,38.0,4.6
141.254,37.002,19.9,4.5
142.925,42.371,42.7,4.6
142.13,38.443,47.5,4.5
140.99,35.521,35.0,4.9
141.8,38.691,56.1,4.5
141.81,38.296,49.3,4.6
143.479,39.36,10.0,4.6
140.758,35.755,34.5,5.2
142.463,39.022,22.8,4.6
142.227,41.002,50.8,4.5
141.521,37.366,35.0,4.7
140.994,35.789,30.6,4.9
144.369,41.136,10.0,4.6
141.713,37.668,35.0,4.6
142.812,38.959,36.5,4.5
141.074,37.148,49.0,4.5
141.138,41.945,104.3,4.5
140.666,36.497,53.8,4.6
141.197,35.225,26.6,4.8
143.114,39.882,36.4,4.7
141.903,35.729,8.4,4.7
141.558,38.462,56.5,5.1
139.767,36.021,83.5,4.6
141.286,35.38,29.4,4.5
140.656,36.818,7.9,4.6
142.394,41.253,45.3,4.9
141.392,36.48,39.5,5.4
141.225,36.051,20.9,4.5
144.455,36.976,35.5,4.5
143.151,40.925,38.7,4.5
142.032,40.558,55.4,4.6
142.627,41.125,43.2,5.3
144.477,37.782,35.0,4.5
142.544,41.402,41.3,5.0
139.952,35.98,55.2,4.5
141.133,38.532,105.4,4.5
140.507,35.154,60.5,4.5
142.71,41.995,69.0,4.5
141.233,35.241,18.8,4.6
141.106,37.221,13.2,4.7
141.263,37.214,9.4,4.7
144.055,37.886,14.5,5.5
140.287,35.503,59.4,4.6
141.192,35.509,37.3,4.7
143.414,40.226,18.4,4.7
141.992,41.509,55.8,4.6
141.097,37.179,10.9,5.5
139.747,36.924,10.0,4.5
141.273,37.515,52.6,4.5
141.182,37.126,53.6,4.5
141.506,35.783,37.0,4.6
140.781,36.483,52.6,4.5
140.767,36.429,45.1,4.9
141.178,35.472,27.0,4.7
143.026,42.288,59.3,4.9
142.232,38.205,35.2,4.7
141.669,36.275,37.0,4.5
141.677,36.277,32.5,4.9
142.091,41.563,51.1,4.9
140.726,35.17,39.1,4.5
140.642,35.107,40.0,5.9
142.71,41.256,37.8,5.2
142.084,41.511,54.4,4.9
142.122,39.336,39.7,4.8
145.114,41.292,10.0,4.6
142.102,38.799,39.7,4.5
139.135,36.514,11.2,4.6
140.485,35.265,35.0,4.7
140.162,35.581,70.2,4.5
140.546,35.115,35.0,4.9
140.842,35.772,46.2,4.6
140.228,35.796,50.9,4.5
142.114,36.555,24.3,4.6
140.287,35.54,63.7,4.5
141.309,36.264,35.0,4.5
141.869,38.302,44.2,4.6
141.738,37.871,49.3,4.7
138.606,36.933,10.0,4.9
140.365,41.234,151.9,4.6
140.826,35.632,35.0,4.7
140.719,35.658,41.9,5.3
138.989,35.502,54.8,4.5
142.679,40.094,40.3,5.0
141.929,38.485,44.0,5.0
141.641,37.816,37.2,4.8
141.078,39.674,96.7,5.1
140.555,40.127,12.1,4.5
141.205,37.158,50.0,4.5
140.256,35.61,60.8,4.5
141.088,35.501,21.7,5.1
144.389,38.936,10.0,4.5
142.474,40.195,38.7,4.9
142.356,38.758,35.0,4.6
143.658,39.737,10.0,4.7
143.268,39.82,29.0,4.7
141.949,38.375,59.4,4.9
143.162,39.438,31.7,4.8
141.678,38.292,52.1,4.6
141.779,37.386,36.0,4.5
140.774,36.438,40.2,5.0
142.114,38.856,39.7,4.8
141.454,42.275,105.4,4.5
141.092,35.287,30.5,4.9
141.875,38.283,40.8,4.5
140.865,35.679,40.6,4.9
142.643,41.208,39.1,4.9
141.293,41.13,94.3,4.8
144.568,38.21,10.0,4.6
141.669,37.654,48.0,4.6
141.733,37.597,30.6,5.6
141.301,37.342,35.6,4.6
140.127,37.142,106.0,4.5
144.616,38.734,10.0,4.5
139.247,36.002,73.2,4.5
144.188,41.479,10.0,4.6
142.021,37.196,23.8,4.5
141.072,36.307,47.2,4.8
142.54,42.008,60.2,4.7
142.373,41.022,50.3,4.8
142.319,40.191,51.7,4.8
142.432,41.103,31.0,6.3
140.928,36.414,23.9,4.5
143.202,41.846,46.2,4.9
141.199,35.337,18.9,5.4
141.195,35.415,34.5,5.0
142.536,40.785,50.1,4.6
140.013,35.582,73.4,4.8
140.034,35.576,42.2,4.5
140.996,35.828,46.8,4.6
143.774,41.652,30.1,4.9
140.008,35.46,69.3,4.8
142.11,37.379,35.6,4.5
140.016,36.136,80.3,4.7
141.919,40.968,60.8,4.6
141.737,38.167,49.8,4.8
142.071,38.844,48.6,4.5
141.936,39.699,30.1,5.2
139.956,35.194,94.8,4.6
141.676,39.747,71.6,4.5
141.267,37.128,38.0,4.6
142.387,39.164,45.3,4.7
140.603,36.926,12.2,4.8
141.932,37.692,35.0,4.5
142.51,38.896,43.7,4.6
141.1,36.104,46.1,4.5
142.453,42.078,61.0,4.8
139.812,36.085,55.7,4.6
142.26,42.008,58.3,4.9
141.416,37.227,40.1,5.0
144.931,37.935,10.2,5.9
141.95,38.354,45.9,4.9
140.074,36.079,43.6,4.5
142.28,37.277,33.3,4.5
141.023,40.705,105.6,4.7
140.586,36.883,36.1,4.8
140.796,36.859,77.4,4.5
141.64,37.442,42.9,4.5
144.42,38.636,24.7,4.6
142.421,40.305,48.4,4.5
143.813,40.464,10.0,4.6
141.816,36.041,13.1,4.7
141.497,35.152,25.6,4.6
141.876,37.38,35.5,4.9
142.416,36.034,10.0,4.7
141.028,37.117,51.5,4.6
141.882,40.117,32.8,4.6
142.528,41.99,62.3,4.9
139.87,36.032,58.7,4.5
140.714,36.555,66.6,4.5
142.071,36.744,15.6,5.0
143.897,37.288,10.0,4.5
141.659,38.3,49.0,4.8
140.294,35.996,70.8,4.6
141.32,42.292,117.8,4.5
143.905,37.336,10.0,4.6
141.077,37.096,44.0,5.6
144.006,37.501,10.0,4.7
144.02,37.503,9.0,6.2
142.309,40.151,57.7,4.5
140.621,36.915,10.0,4.9
141.488,37.409,52.0,4.8
142.342,40.335,37.0,5.8
144.393,36.363,10.0,4.5
144.66,37.981,11.0,6.1
141.62,37.307,47.2,5.4
141.248,37.342,55.0,4.9
139.595,35.821,53.2,4.6
142.893,41.781,45.0,5.5
140.452,39.536,14.5,4.9
145.483,41.642,8.6,4.9
143.541,37.15,10.0,4.8
141.127,36.136,35.0,4.7
140.761,36.757,6.3,4.5
142.278,37.267,36.0,4.5
140.522,37.064,6.4,4.8
141.627,37.475,42.1,4.6
142.284,38.974,28.8,4.6
143.84,40.258,10.0,4.7
142.921,35.019,10.0,4.5
140.082,35.778,109.5,4.8
143.521,39.57,10.0,4.9
140.142,35.709,61.6,5.1
139.92,36.09,57.6,4.5
142.587,36.368,33.9,4.5
143.302,42.394,103.5,4.5
140.117,36.112,48.0,4.5
140.68,36.776,8.3,5.2
143.722,36.261,6.4,5.3
142.035,36.261,12.9,4.7
145.557,42.394,25.5,4.6
142.059,39.503,52.4,4.5
143.188,40.137,10.0,4.5
139.586,40.1,7.1,4.6
143.488,40.039,10.0,5.6
143.257,40.062,29.8,4.9
140.208,35.776,64.1,4.6
141.586,37.417,31.0,5.8
143.866,41.718,30.0,4.8
142.936,41.576,41.1,4.5
139.39,35.768,64.6,4.5
141.054,35.301,25.7,4.8
141.352,37.541,35.8,4.5
141.634,37.426,39.2,4.5
141.124,37.786,63.8,4.8
140.665,37.057,2.6,4.5
143.336,38.292,10.0,5.0
141.825,39.264,39.8,4.5
140.643,37.075,10.0,4.5
140.131,35.742,70.2,4.5
144.896,42.355,26.6,4.5
142.67,40.22,15.5,4.7
140.686,35.588,39.0,4.9
140.649,35.371,18.5,4.5
140.476,35.353,22.4,4.5
139.54,35.836,129.5,4.5
138.375,36.825,1.6,4.6
142.663,42.02,66.3,4.6
140.185,35.887,73.5,4.5
143.869,39.908,10.0,4.6
143.595,39.942,10.0,4.8
143.555,39.952,11.2,4.9
142.994,42.308,58.0,5.3
140.242,35.629,61.0,4.5
141.8,37.309,38.5,5.0
140.635,36.781,23.6,4.6
138.566,36.862,10.0,4.5
140.185,36.162,63.3,4.8
141.862,38.302,55.2,4.5
141.564,37.558,42.6,4.8
142.046,39.644,53.3,4.5
142.575,38.0,21.0,4.5
143.409,39.411,10.0,4.5
138.55,42.042,5.2,5.1
142.494,36.174,10.0,4.8
142.233,36.373,32.0,4.6
144.652,38.347,24.2,4.5
141.544,37.398,14.2,4.6
140.247,35.686,60.5,4.5
143.887,38.604,18.3,4.9
140.477,35.97,56.4,4.5
143.592,40.222,35.0,4.6
141.514,37.529,43.9,5.3
143.073,39.848,26.5,4.7
141.902,41.515,56.0,5.7
143.182,39.867,31.8,4.6
141.344,37.239,14.0,4.6
140.865,35.662,44.0,4.8
141.411,37.569,53.9,5.0
142.13,36.936,24.0,4.8
141.335,37.567,47.0,5.7
143.488,39.289,25.5,4.8
144.043,39.2,25.1,4.7
143.473,39.423,18.5,4.5
142.965,42.317,55.9,4.9
143.545,39.363,9.6,4.8
141.166,37.159,48.3,4.8
141.196,37.23,60.9,4.6
142.258,38.765,38.6,4.6
143.139,39.902,26.5,4.5
140.752,35.662,42.0,5.4
142.348,41.952,64.6,4.6
142.308,40.218,43.6,5.0
141.704,37.275,6.8,5.2
141.421,37.286,22.5,4.5
140.579,36.76,35.8,4.6
141.758,38.496,55.3,4.5
141.309,37.369,25.0,4.8
140.403,35.349,59.0,4.5
142.372,38.279,17.2,4.6
142.228,40.229,50.9,4.6
140.705,39.777,146.8,4.9
141.23,35.196,35.8,4.6
142.434,40.244,42.4,5.1
143.125,40.377,24.9,4.7
142.355,41.148,56.7,4.8
142.403,40.645,38.7,4.8
140.651,36.479,59.2,4.5
142.277,40.194,54.3,4.6
140.772,35.659,49.5,5.0
141.531,37.473,10.0,4.5
140.131,36.129,77.5,4.5
142.333,38.66,31.2,4.6
141.312,37.152,10.0,5.3
140.943,36.902,53.4,5.2
142.0,41.208,55.0,4.5
142.824,38.87,35.0,4.6
141.459,37.373,9.1,5.1
140.682,36.802,10.0,4.7
140.442,36.86,7.0,5.9
141.326,36.414,33.0,4.6
139.936,35.981,53.9,4.7
140.302,35.552,78.8,4.7
141.825,36.864,43.4,4.7
142.03,36.81,35.2,4.6
142.002,36.716,23.5,5.1
141.436,37.458,35.0,4.5
141.561,37.399,10.0,5.1
141.491,37.302,40.3,4.6
144.085,35.714,17.8,4.6
144.049,36.595,10.0,4.8
142.385,40.179,52.0,5.0
141.545,37.411,8.7,4.6
141.693,38.589,57.2,4.5
142.369,41.925,66.4,4.5
141.52,37.814,62.9,4.5
141.597,37.197,2.7,4.7
143.98,40.272,19.0,4.9
141.412,37.261,14.9,4.9
141.36,37.303,31.9,4.7
141.485,37.218,10.0,4.8
140.105,35.58,73.2,4.7
141.394,37.511,34.7,4.6
143.203,39.823,21.8,4.5
141.255,37.315,22.0,4.6
141.563,37.379,9.2,4.6
141.344,37.356,17.0,4.6
141.406,37.291,13.6,4.7
141.416,37.187,10.0,4.7
141.322,37.17,10.0,4.8
141.309,37.184,10.0,4.5
141.321,37.214,9.0,5.9
141.475,37.1,16.9,4.6
141.306,37.262,10.0,4.6
141.472,37.432,13.9,4.8
141.568,37.358,10.0,4.6
141.421,37.207,10.0,4.5
141.666,37.277,32.9,4.6
141.521,37.312,27.5,4.5
141.336,37.274,31.6,5.1
141.526,37.272,10.0,4.8
141.536,37.31,10.0,4.7
141.366,37.234,15.9,5.2
141.371,37.261,10.0,4.6
141.443,37.295,21.1,4.5
141.454,37.314,8.7,4.6
140.924,37.466,30.7,4.6
141.452,37.244,10.0,4.5
141.361,37.214,10.0,4.7
141.541,37.271,10.0,4.5
141.523,37.264,10.0,4.6
141.534,37.168,5.6,4.6
141.405,37.208,10.0,4.7
141.295,37.258,27.4,4.5
141.532,37.312,10.0,4.5
141.491,37.415,15.1,4.5
141.417,37.232,10.0,4.6
141.531,37.185,10.0,4.5
141.444,37.169,10.0,4.9
141.628,37.448,10.0,4.8
141.453,37.374,33.8,4.5
141.399,37.21,23.7,4.9
141.43,37.334,17.9,4.6
141.399,37.22,10.0,4.7
141.572,37.213,10.0,4.5
141.543,37.25,10.0,4.9
141.433,37.267,10.0,4.6
141.224,37.2,10.0,5.1
141.453,37.137,10.0,5.0
141.197,37.302,24.9,5.3
141.431,37.288,10.0,4.8
141.626,37.29,10.0,4.8
141.441,37.396,10.0,4.6
141.462,37.228,10.0,4.6
141.216,37.223,10.0,5.0
141.18,37.213,14.5,4.5
141.472,37.252,10.0,5.4
141.479,37.209,10.0,5.0
141.387,37.393,9.0,6.9
138.91,35.951,135.0,4.5
141.404,37.438,22.0,4.6
142.916,41.106,32.7,4.9
141.568,37.929,52.1,4.6
140.968,35.916,18.7,5.0
140.853,35.888,40.1,4.7
141.566,38.497,42.4,6.1
142.162,38.726,48.2,5.0
139.814,36.019,89.9,4.6
142.207,40.182,54.0,4.5
140.462,38.864,108.8,4.5
143.344,39.01,10.0,4.5
140.502,39.992,10.4,4.7
141.702,37.517,14.4,5.0
141.168,35.472,26.8,4.5
143.431,39.354,14.2,4.7
141.512,36.864,26.3,4.6
143.838,40.318,20.4,4.5
143.894,40.221,10.0,4.7
143.93,40.214,34.7,4.8
140.508,35.82,18.9,5.3
141.587,38.266,18.0,4.7
140.511,37.88,130.5,4.7
142.422,41.428,62.4,4.6
142.91,36.742,10.0,4.5
143.079,42.252,58.9,4.9
141.766,37.873,48.3,4.6
139.828,35.919,80.7,4.5
142.522,42.004,58.0,4.5
142.018,38.146,50.2,4.6
141.756,37.45,17.8,4.6
143.078,41.699,33.7,5.3
142.204,41.88,64.0,5.0
141.837,36.29,33.1,4.5
142.791,35.87,34.8,4.6
142.276,38.652,38.0,4.6
141.019,35.578,10.0,4.5
139.784,35.898,74.0,5.0
140.187,35.714,60.0,4.6
142.124,38.218,35.0,4.6
141.704,37.485,39.4,4.5
140.598,36.71,94.6,4.6
141.126,36.392,32.1,5.4
142.638,42.38,112.1,5.0
140.024,36.183,52.1,4.7
143.694,41.462,36.5,4.5
141.905,38.224,43.5,4.5
141.689,36.345,21.9,4.6
141.789,36.331,23.1,4.9
141.686,37.406,45.6,4.8
139.883,36.06,44.3,4.5
142.113,38.325,35.0,5.1
143.637,39.755,5.8,5.3
143.75,40.68,10.0,5.2
143.744,40.317,10.0,5.2
143.634,40.421,10.0,5.2
143.881,40.146,10.0,4.7
143.728,40.314,11.0,5.8
143.68,40.394,10.0,6.0
143.773,39.474,10.2,4.6
143.54,39.56,23.4,5.3
141.21,36.613,37.2,5.0
141.72,37.412,33.0,5.6
141.518,37.486,41.9,4.7
142.791,38.871,40.6,4.5
142.357,39.086,55.2,4.5
140.453,35.377,18.9,4.6
140.758,36.492,46.0,5.3
140.256,35.572,52.9,4.5
142.261,39.32,41.6,5.0
140.032,35.991,39.3,5.0
143.92,37.853,36.4,4.6
142.057,41.506,60.6,4.8
140.415,35.346,25.5,4.8
141.951,36.85,21.1,4.5
139.923,36.005,40.2,5.0
142.262,35.041,10.0,4.5
144.7,38.552,25.1,4.5
140.931,40.373,13.4,4.8
139.212,42.375,20.1,4.5
142.222,36.756,10.0,4.7
141.306,37.168,45.5,4.5
140.983,35.866,38.9,4.6
141.007,35.755,39.2,4.5
139.704,36.126,50.2,4.5
143.475,39.388,13.7,4.6
144.877,39.727,10.0,5.0
138.031,37.533,10.0,4.9
138.08,37.523,9.3,4.6
142.264,37.034,22.6,4.6
142.223,36.997,12.8,5.7
144.648,38.129,22.5,4.5
142.552,42.012,68.1,4.5
144.892,37.745,11.3,4.6
141.048,41.993,13.0,4.6
140.935,41.984,14.3,5.2
139.969,35.978,34.7,5.0
144.576,38.365,35.0,5.0
142.302,35.031,10.0,4.5
142.906,41.162,50.5,4.5
142.202,41.04,54.9,4.9
141.52,35.127,28.4,4.5
141.953,40.13,35.0,4.6
140.299,35.586,50.4,4.5
140.977,36.416,52.5,4.5
139.983,35.998,50.4,4.6
139.962,36.054,49.0,4.5
139.806,36.023,44.5,5.4
142.091,39.332,55.0,4.7
141.851,37.547,35.0,4.7
141.75,38.515,46.1,4.6
144.922,39.894,28.9,4.9
142.826,41.124,42.8,4.5
143.023,37.922,6.7,4.6
141.644,38.212,44.0,5.0
142.035,38.913,40.6,4.5
144.692,40.546,29.2,4.5
141.622,37.801,33.1,5.9
140.78,36.675,81.4,4.5
141.799,39.781,57.8,4.7
141.704,36.21,35.6,4.6
139.646,35.625,47.1,4.6
141.974,37.113,23.2,4.6
144.249,39.155,27.3,4.5
142.534,36.55,10.0,4.7
142.474,36.525,28.6,4.5
140.078,36.194,57.7,4.5
141.178,36.758,37.8,4.5
140.607,36.821,10.0,4.8
140.631,37.576,90.2,4.5
142.242,39.47,51.4,4.7
141.924,41.024,59.0,4.5
143.21,39.534,23.5,4.8
143.374,39.455,13.3,4.8
142.532,42.02,58.5,4.6
142.389,40.178,35.0,4.8
141.734,36.707,31.4,4.5
144.23,41.654,14.1,5.1
142.606,38.912,23.5,4.8
142.015,37.601,19.4,4.8
141.875,38.291,39.9,4.5
141.75,37.466,14.2,4.8
142.243,37.253,18.9,5.1
143.602,39.243,26.5,4.5
140.262,35.615,55.3,4.5
139.967,36.016,51.4,4.6
140.547,36.765,4.9,4.6
141.715,38.279,45.3,4.5
139.12,36.376,140.3,4.6
141.196,36.895,10.0,4.7
142.946,39.71,12.2,5.3
141.919,38.19,38.3,4.6
141.887,38.235,49.2,4.6
140.649,35.642,38.9,4.8
140.801,36.007,15.1,4.6
144.63,40.608,31.3,4.6
139.251,35.185,146.5,4.6
142.781,41.972,46.0,6.7
143.643,37.602,34.5,4.5
142.439,41.9,53.6,4.8
142.475,40.184,52.3,4.6
141.309,40.437,41.5,4.7
144.579,37.561,25.4,4.6
142.792,40.901,51.5,4.5
141.292,39.771,48.1,4.7
141.848,38.197,57.1,4.6
144.769,38.497,10.0,4.5
141.782,38.808,60.4,4.6
141.961,38.892,49.0,4.5
142.538,36.395,23.1,4.6
141.863,38.932,53.4,4.5
140.737,36.146,50.6,4.7
144.725,38.885,22.4,4.8
141.858,38.39,57.2,4.6
142.307,38.672,32.6,4.7
142.178,40.261,35.0,4.6
140.742,36.446,44.1,4.7
142.574,38.244,29.5,4.5
141.434,37.529,56.0,4.9
141.884,38.571,63.2,4.6
144.78,38.468,26.3,4.6
143.191,42.436,101.8,4.8
143.852,37.942,27.4,5.2
141.606,38.972,72.7,4.5
143.01,39.678,29.7,4.8
139.968,35.907,107.5,5.0
143.414,39.427,10.0,5.0
142.005,40.344,80.6,4.5
142.348,39.092,36.3,4.7
141.986,41.577,47.0,5.4
140.716,35.869,47.8,4.7
142.009,37.126,29.4,4.8
142.41,40.336,11.5,4.5
138.985,35.532,24.9,4.6
140.176,35.708,64.5,4.6
141.935,39.388,45.9,4.8
142.176,39.126,53.1,4.5
141.077,37.319,24.2,5.3
143.977,39.446,24.2,4.7
142.008,41.535,64.8,4.8
144.406,37.191,39.5,4.5
143.268,37.021,13.5,4.8
141.067,35.421,41.6,4.5
143.622,39.919,14.8,4.5
142.108,38.71,36.3,4.5
142.191,38.709,32.8,4.7
142.936,37.736,10.0,4.5
141.879,38.482,60.6,4.5
143.653,39.372,22.4,4.7
143.684,40.309,10.0,5.2
142.222,39.679,54.7,4.5
142.004,42.229,85.8,5.0
143.305,39.734,22.8,4.9
143.388,39.749,10.0,4.5
140.416,40.14,38.1,4.5
139.998,36.368,74.8,4.5
143.584,35.422,22.3,4.7
142.652,41.897,49.0,5.4
141.234,36.818,21.2,4.6
139.906,35.504,51.2,5.1
144.827,38.587,24.1,4.5
143.157,39.27,38.9,4.5
142.151,38.7,28.1,4.7
141.833,38.553,52.7,4.7
143.224,39.591,23.7,4.9
141.951,38.814,71.5,4.6
143.469,37.196,10.0,5.4
143.906,37.949,28.8,4.5
143.556,39.754,24.7,4.6
140.882,36.399,35.0,5.0
141.912,37.252,15.6,4.5
142.086,38.776,54.3,4.7
141.106,37.32,12.2,4.8
142.421,38.002,32.1,4.5
141.707,38.82,75.2,4.6
142.814,41.808,43.4,4.7
142.213,41.852,65.7,4.5
142.119,38.743,46.8,4.6
143.659,37.788,10.0,4.6
142.062,38.991,56.4,4.5
141.368,37.221,34.6,5.1
141.704,36.571,39.6,4.5
141.936,38.319,37.8,4.6
139.903,36.065,47.7,4.5
141.66,38.881,70.5,4.7
140.103,35.387,54.6,4.5
143.433,39.783,32.5,4.5
140.595,36.452,52.8,5.2
140.883,35.838,30.0,4.5
141.453,37.507,35.4,4.9
141.529,37.784,43.2,5.0
142.595,39.906,35.0,4.5
142.053,38.333,56.8,4.7
141.116,35.543,34.8,4.8
144.724,37.041,35.6,5.1
142.57,41.963,59.4,4.8
143.362,39.68,30.5,4.5
143.146,39.777,26.9,4.5
141.761,37.838,58.1,4.8
142.551,41.387,36.5,4.9
142.449,40.242,23.0,4.5
144.733,39.167,10.0,4.7
142.488,42.43,109.6,4.5
141.465,40.363,81.0,5.5
139.845,36.076,50.8,4.7
142.603,40.123,38.3,5.2
142.496,38.642,35.0,4.5
142.145,38.738,32.5,4.7
142.048,38.741,24.0,4.8
141.516,42.048,100.1,4.5
141.878,38.499,35.0,4.8
141.168,36.858,47.6,4.7
141.474,35.267,35.0,4.6
142.095,41.527,56.5,4.6
142.332,38.702,40.9,4.6
141.301,35.502,36.2,4.5
142.093,41.52,57.0,4.9
142.26,38.788,35.7,4.7
142.37,38.98,45.5,4.5
143.479,39.525,10.0,4.8
143.241,39.61,10.0,5.4
143.346,39.608,5.7,5.7
143.331,39.672,10.5,5.7
141.637,38.844,68.9,4.5
144.293,41.754,19.4,4.9
140.889,35.707,45.6,4.5
143.359,39.62,36.6,4.6
143.319,39.68,31.0,5.8
142.912,41.045,27.5,4.7
140.044,36.236,54.3,4.5
142.031,41.562,42.0,6.1
146.133,42.265,36.0,4.5
143.314,39.818,22.0,4.6
139.828,36.105,54.9,4.9
141.247,35.342,22.6,4.6
139.613,35.995,38.7,5.1
142.816,39.138,18.0,4.7
141.203,37.046,38.0,5.1
140.568,36.54,47.0,4.5
142.032,38.906,35.0,6.8
142.749,37.908,10.0,4.5
142.895,41.701,48.6,4.5
138.722,36.144,145.0,4.9
139.886,36.031,46.3,4.6
141.453,37.559,45.4,5.0
143.081,41.0,46.8,4.8
142.809,40.048,37.3,5.4
142.804,36.504,38.0,4.6
141.233,41.314,54.8,4.6
142.284,41.934,70.0,4.5
140.958,36.65,41.9,4.5
143.527,39.393,10.0,5.1
143.682,39.708,10.0,4.9
143.845,37.154,10.0,5.1
138.805,36.417,147.4,4.6
142.863,41.084,40.3,4.6
142.778,42.101,50.8,4.5
142.395,37.16,16.6,4.5
142.048,38.621,59.4,4.5
141.367,37.232,10.0,4.8
141.279,37.231,20.6,4.7
143.12,36.365,10.0,5.4
143.082,42.266,60.7,4.9
140.055,36.254,73.6,4.7
142.35,37.29,21.6,4.7
144.036,37.809,15.5,4.5
143.476,39.629,28.8,4.6
141.822,38.495,55.3,4.6
143.448,39.595,32.4,4.5
141.51,37.32,40.6,4.9
142.054,38.905,54.3,4.5
141.578,35.117,30.2,4.6
143.36,39.895,22.2,4.6
142.597,42.271,63.1,4.9
143.277,39.832,25.6,4.5
140.732,35.654,48.4,4.9
142.241,35.92,31.8,4.6
142.043,38.482,52.0,5.0
143.368,39.361,17.3,4.9
142.148,39.044,35.0,4.6
143.198,39.655,20.0,5.8
140.3,35.487,35.0,4.6
143.633,39.73,10.0,4.6
143.282,39.759,10.0,5.1
143.621,40.076,10.0,5.0
143.486,39.818,7.0,6.0
143.616,39.759,10.0,4.6
143.736,39.234,14.8,4.7
143.558,39.792,20.6,4.8
142.654,41.947,60.3,5.3
143.587,39.824,10.0,6.2
143.583,39.57,10.0,5.5
141.891,40.11,47.0,5.5
142.981,39.659,29.4,4.8
142.779,39.802,35.0,4.5
143.166,39.856,10.0,4.6
142.881,39.856,23.0,6.7
141.018,36.658,30.0,4.7
144.595,38.208,27.5,4.8
141.828,38.246,47.1,4.6
141.92,35.21,23.0,4.6
141.92,38.596,57.0,4.5
140.282,35.98,35.0,4.5
141.692,39.814,79.3,4.5
141.836,37.384,45.7,4.6
140.533,35.828,34.9,4.9
141.795,39.918,69.2,4.5
142.807,37.889,17.2,4.5
144.495,42.5,63.4,4.6
138.455,37.205,182.8,4.8
141.981,40.441,31.9,4.6
142.007,36.279,35.2,4.6
142.054,37.368,34.9,4.7
143.083,40.933,35.0,4.5
144.688,37.911,35.6,4.6
142.021,39.367,43.7,4.8
143.54,40.936,20.2,4.7
142.041,35.83,36.3,4.8
141.604,38.293,57.4,4.6
144.194,37.836,35.0,4.5
143.347,39.623,24.9,4.9
142.04,38.896,41.4,4.8
139.902,35.782,89.6,4.5
141.179,36.539,6.6,4.6
141.024,35.884,42.8,4.5
144.395,38.395,35.0,5.1
142.501,41.933,59.1,4.7
144.227,42.091,47.6,4.5
141.715,37.578,45.2,4.7
141.879,38.249,69.5,4.5
141.558,37.252,10.0,5.2
138.016,36.599,20.0,4.6
143.299,39.768,34.4,4.9
141.624,38.151,55.1,4.8
141.553,37.402,31.3,5.9
144.69,38.477,26.2,4.6
142.612,39.277,51.5,4.5
141.98,38.906,54.7,4.7
140.457,35.003,76.1,4.6
141.949,36.038,9.5,4.6
141.545,36.656,41.3,4.6
142.574,37.389,3.2,4.9
142.037,39.993,66.2,4.6
139.01,35.572,28.4,4.5
140.958,36.204,33.6,4.6
140.348,35.544,56.9,4.6
141.016,35.497,24.5,4.7
140.751,37.02,10.0,4.7
143.206,39.606,37.0,4.7
144.432,38.724,23.9,4.5
138.038,36.77,8.6,4.5
143.262,39.602,18.2,5.0
140.982,37.72,80.9,4.5
141.629,37.289,24.4,4.5
141.608,37.323,32.0,5.6
140.596,36.958,105.6,4.5
141.672,39.833,55.1,4.5
144.368,42.103,25.6,4.7
142.231,38.384,37.5,4.5
141.623,37.031,45.2,4.5
142.02,38.157,55.3,4.5
140.783,36.769,39.9,4.5
142.058,38.849,54.1,4.5
140.111,36.12,68.5,4.8
139.427,36.836,118.6,4.6
143.72,37.472,10.0,4.5
142.013,38.798,61.9,4.5
142.299,37.804,42.4,5.1
143.587,39.707,35.0,4.6
143.43,39.913,35.7,4.9
141.539,40.533,106.6,4.5
142.47,41.94,52.2,4.7
142.405,40.165,43.3,4.7
141.15,36.12,17.2,4.5
140.111,35.815,71.7,4.7
141.943,40.716,81.2,4.6
142.687,40.646,55.0,4.6
141.516,35.45,17.9,4.5
141.017,36.428,38.2,4.5
140.941,36.019,36.7,4.6
141.626,38.572,61.4,4.7
143.234,40.93,29.3,5.0
141.733,40.972,70.9,4.7
140.948,36.211,34.5,4.6
140.894,35.664,22.8,4.5
143.105,40.987,36.3,4.7
143.17,40.838,32.7,4.5
143.08,40.954,20.0,5.4
143.165,41.027,22.0,6.1
142.486,36.485,35.0,4.7
142.069,39.03,65.5,4.6
143.269,36.414,34.3,4.8
142.063,38.252,35.0,4.6
141.297,37.472,51.9,4.6
144.351,38.897,22.3,4.6
142.766,40.156,30.0,5.5
141.805,38.41,52.4,4.6
144.417,41.924,22.6,4.9
140.12,36.182,52.2,4.5
142.092,41.602,67.2,4.5
142.488,42.014,68.6,4.6
141.426,35.072,24.7,4.5
141.366,37.548,53.1,5.1
141.335,37.518,51.0,5.2
141.859,37.994,56.5,4.5
143.526,39.485,19.7,4.5
139.85,36.087,49.9,5.5
141.828,40.142,68.7,4.8
140.569,35.617,68.6,4.6
140.676,37.543,91.7,4.5
142.54,42.02,66.6,4.8
139.516,36.676,7.9,4.6
139.433,36.792,10.0,4.7
141.221,35.32,23.7,4.8
139.429,36.859,29.7,5.2
142.182,38.25,37.3,4.6
141.147,37.055,53.6,4.5
142.341,37.643,10.0,4.5
143.173,36.898,35.2,4.5
141.236,36.865,35.0,4.9
141.272,35.374,31.0,4.6
141.223,36.714,10.9,4.5
143.167,41.07,26.0,5.4
142.06,38.213,37.1,4.6
142.424,39.059,60.1,4.5
140.353,36.407,116.4,4.8
141.84,39.754,69.6,4.5
141.937,36.216,20.7,4.5
141.824,37.71,41.8,4.5
144.675,37.064,10.0,4.5
144.085,37.748,31.4,4.7
139.789,36.011,82.8,4.7
141.237,36.709,6.5,4.6
142.261,41.081,60.8,4.6
142.471,36.829,10.0,4.8
145.468,40.121,34.3,4.9
142.336,36.718,30.7,4.7
140.933,36.353,39.2,4.5
142.546,36.839,35.0,4.6
142.131,41.158,41.0,6.1
143.482,40.198,37.2,4.5
140.742,40.054,24.7,4.6
142.076,38.939,60.2,4.6
142.189,39.228,35.0,4.7
142.021,36.701,32.0,4.5
142.417,37.905,57.9,4.5
141.151,37.14,49.3,4.5
140.186,35.628,69.4,4.8
142.485,36.99,32.6,4.6
142.63,37.021,10.0,4.5
141.981,36.142,17.5,4.5
140.627,35.482,58.0,4.7
142.215,39.613,50.6,4.5
142.568,36.983,21.6,4.6
142.192,41.569,64.1,5.1
144.804,42.309,45.3,4.5
141.139,35.433,30.7,4.5
142.696,36.969,12.6,4.5
140.629,36.51,56.4,4.6
140.116,36.03,66.4,4.6
144.184,42.038,39.9,4.6
143.343,39.717,25.8,4.5
142.636,37.101,10.0,4.6
140.871,36.915,36.9,4.6
142.467,36.709,9.7,4.7
142.748,37.035,24.6,4.5
142.618,36.966,25.9,4.5
143.424,37.02,10.0,4.7
142.36,36.923,27.4,4.5
142.584,36.875,19.5,4.5
142.344,36.947,10.0,4.5
142.516,36.935,27.1,4.5
142.543,36.821,33.3,4.5
142.508,36.978,33.6,4.5
142.517,36.901,23.3,4.5
142.457,36.865,11.8,4.7
142.582,36.944,18.2,4.8
142.542,36.863,9.8,4.6
142.557,36.805,10.6,4.5
142.821,36.782,10.0,4.7
142.656,36.86,21.0,4.7
142.413,36.907,11.6,4.8
142.577,36.798,11.3,5.0
142.407,37.036,9.2,5.1
142.49,36.909,17.6,5.2
142.452,37.005,20.0,6.5
140.551,36.748,20.0,4.7
140.835,35.424,50.4,4.7
142.397,42.004,67.8,4.6
143.011,42.145,60.0,4.8
141.725,37.344,36.7,4.9
142.08,39.648,50.3,5.7
141.587,37.259,46.9,4.6
140.523,36.604,12.0,4.5
140.069,35.372,60.4,4.5
142.554,38.676,83.7,4.6
146.101,42.494,10.0,4.6
140.975,35.924,39.1,4.8
138.989,36.369,155.6,4.6
144.129,36.21,35.2,5.0
141.733,37.6,59.2,4.7
139.868,36.039,50.1,4.5
141.813,38.18,51.2,4.5
140.031,35.492,65.8,4.7
141.933,38.55,56.5,4.6
144.122,38.108,23.1,4.7
141.114,37.096,45.0,5.6
141.724,36.604,15.9,5.5
141.597,37.096,15.2,4.6
140.988,39.438,92.0,5.5
141.52,35.452,22.8,4.5
141.643,40.955,89.5,4.6
141.323,37.901,76.1,4.7
141.709,39.164,95.6,5.2
141.087,35.621,14.7,4.5
140.615,36.492,60.0,4.6
144.588,37.169,35.9,4.6
144.169,36.256,34.5,4.5
141.33,36.825,20.6,4.5
143.571,39.521,35.0,4.5
142.06,40.976,66.1,4.6
142.679,36.388,31.8,4.5
139.284,35.06,126.9,4.8
142.551,41.976,59.2,4.9
140.06,35.597,55.3,5.1
144.997,38.376,24.0,4.8
142.302,39.674,71.1,4.5
142.364,36.148,32.3,4.7
141.477,36.929,22.7,4.6
145.116,40.839,10.0,4.5
142.748,37.787,14.6,4.7
142.11,41.432,65.4,4.6
139.9,36.088,51.0,4.5
142.778,38.918,58.6,4.5
141.503,37.273,48.9,4.5
144.401,37.841,27.9,4.6
144.331,37.852,20.2,4.6
144.339,37.817,33.4,4.5
144.234,37.852,16.0,5.6
141.854,38.164,59.0,4.5
140.97,35.704,8.2,4.6
141.171,35.522,21.8,4.7
142.15,36.816,25.2,4.9
142.011,38.088,79.0,4.5
139.841,36.081,64.8,4.7
142.245,37.425,32.0,5.2
142.044,37.268,43.8,4.9
143.467,37.076,32.2,4.6
141.99,38.283,52.6,4.6
141.012,36.178,37.6,4.7
141.298,37.28,55.1,4.8
142.44,36.879,29.6,4.6
143.11,40.937,35.4,4.5
140.089,35.69,73.2,4.7
141.856,36.245,27.5,4.9
138.818,37.349,13.1,4.7
142.564,39.194,29.7,5.2
141.805,39.165,58.1,5.5
141.572,38.207,54.4,4.6
140.683,36.74,50.1,4.7
142.188,37.156,38.5,4.8
140.116,35.715,62.4,4.5
143.432,40.961,21.7,4.9
143.608,37.678,36.6,4.6
141.838,36.322,20.0,5.4
141.408,37.09,54.5,4.5
142.54,36.386,32.1,4.7
140.881,35.664,36.8,4.5
141.808,39.721,84.7,4.5
140.211,35.704,61.5,4.6
141.472,36.935,30.2,5.0
144.174,36.543,36.6,4.5
144.096,37.83,35.0,4.6
140.849,35.725,40.3,4.8
144.454,37.067,43.2,4.7
140.16,35.722,58.5,5.0
142.249,38.699,54.1,4.5
141.21,36.161,46.1,4.5
140.552,35.611,23.9,4.8
141.094,36.424,45.7,4.5
141.224,40.902,104.7,4.6
144.227,38.023,27.1,4.5
142.606,40.13,47.7,4.5
140.533,35.978,54.2,4.5
140.694,35.698,53.4,4.6
142.372,38.328,47.8,4.7
139.804,36.098,62.5,4.6
142.95,36.508,36.2,4.7
141.371,36.73,33.7,4.6
142.382,41.939,66.3,4.8
143.484,39.665,26.4,4.9
143.417,39.632,30.6,4.7
143.525,39.617,30.6,5.0
143.458,39.694,34.0,4.7
143.089,42.32,61.2,4.5
141.989,38.149,65.2,4.5
141.12,37.087,51.8,5.0
141.362,37.562,62.0,5.2
142.363,38.685,48.5,5.3
139.716,36.025,91.8,4.8
141.975,36.511,36.8,4.5
141.649,37.806,51.7,4.9
144.818,37.085,27.8,4.9
141.283,36.107,45.0,4.5
141.094,36.361,35.7,4.7
141.08,35.144,30.0,4.7
141.656,37.28,43.2,4.6
143.225,41.087,47.5,4.6
143.443,37.032,36.2,4.6
139.999,35.527,73.9,4.6
141.253,36.697,35.0,4.7
143.415,36.951,32.8,4.5
143.761,40.702,17.2,4.5
141.858,38.12,46.7,4.6
142.632,38.853,51.5,4.5
142.818,40.115,51.8,5.1
142.403,41.954,65.6,4.5
140.796,36.065,54.8,4.5
142.677,38.11,34.8,4.7
141.225,36.467,20.4,4.6
144.792,37.092,10.0,4.5
141.282,36.932,39.7,4.6
142.689,42.043,64.2,5.0
140.504,36.702,37.5,4.6
142.117,38.849,61.1,4.5
140.468,35.308,21.7,4.5
141.68,37.534,51.8,4.7
143.382,36.97,22.0,5.5
140.506,35.262,28.9,4.8
140.476,35.25,35.0,4.5
140.939,36.655,61.8,4.9
140.717,36.677,10.0,5.1
141.444,36.192,35.3,4.7
141.735,38.192,60.6,4.5
142.25,40.304,62.2,5.0
142.056,41.093,77.7,4.6
141.767,35.361,40.8,4.6
141.358,36.835,47.7,4.6
142.302,35.503,17.4,5.1
142.413,36.094,7.5,5.3
142.141,35.688,8.0,5.6
143.812,37.712,34.9,4.7
140.65,35.606,35.4,5.5
140.064,35.872,72.6,5.3
143.537,39.381,20.5,4.7
142.348,38.618,35.6,4.7
144.444,39.347,32.0,4.5
140.08,36.06,82.9,4.9
141.907,36.356,38.1,4.7
143.126,41.429,44.6,4.5
140.655,35.654,42.0,5.5
141.254,36.982,47.6,4.5
141.922,36.42,26.4,5.1
141.774,35.896,16.4,4.5
141.381,37.239,46.7,4.7
141.873,38.583,63.6,4.7
141.712,36.492,18.3,5.1
140.895,35.731,15.6,4.6
140.425,36.242,71.7,4.7
142.144,37.596,35.1,4.5
142.33,38.275,59.3,4.8
139.977,35.598,72.2,5.0
141.59,42.017,94.8,5.0
141.94,38.482,52.9,5.0
142.654,42.264,52.5,4.6
143.083,35.86,25.6,4.5
144.861,37.126,34.9,4.7
141.273,37.548,52.7,4.8
142.234,39.578,61.7,4.5
142.018,37.519,37.3,4.9
140.603,39.303,128.9,4.5
140.33,35.546,62.5,4.7
140.153,35.604,59.4,5.5
141.684,37.788,46.3,4.8
142.769,37.148,14.7,4.8
142.095,39.307,51.2,5.0
144.064,38.6,29.7,4.8
142.177,41.431,46.0,5.5
143.164,39.852,31.0,4.8
144.743,38.207,24.1,4.5
143.85,37.848,4.4,4.6
139.364,41.685,195.8,4.7
142.149,38.72,48.4,4.9
141.198,35.275,32.1,4.6
144.49,37.46,41.1,4.8
145.016,37.232,10.2,4.8
139.968,35.919,64.3,5.6
143.51,39.877,33.5,4.5
141.524,36.26,48.0,4.5
143.142,41.018,39.7,4.7
144.717,37.154,35.0,4.7
141.351,36.639,5.7,4.7
141.134,36.715,25.0,4.8
142.695,38.265,35.0,5.2
140.121,35.971,76.6,5.1
142.742,37.534,35.0,4.5
142.674,38.249,22.0,5.3
141.067,36.209,45.4,4.7
141.255,37.112,29.0,4.8
144.144,36.74,26.3,4.7
145.539,40.445,35.3,4.9
144.57,36.981,34.5,4.7
144.706,37.18,10.1,5.0
144.545,36.966,35.0,4.5
144.573,37.088,20.2,5.5
145.143,36.989,10.0,4.5
144.474,37.155,44.0,4.5
144.77,37.228,41.4,4.6
144.565,37.072,34.3,4.6
144.625,37.067,29.1,4.8
144.672,37.106,10.0,5.5
144.87,37.222,35.6,4.9
145.087,37.21,11.6,4.6
144.701,37.006,18.8,4.8
143.292,35.279,25.8,4.6
144.498,37.263,35.1,4.6
144.394,37.011,36.1,4.6
144.701,37.235,33.9,5.1
144.808,37.305,31.3,4.8
145.027,36.977,17.5,4.8
144.559,37.135,37.5,4.7
144.97,37.166,37.0,5.4
144.605,37.254,35.7,5.1
144.661,37.156,35.0,7.1
141.178,41.376,121.4,4.7
141.894,37.73,25.7,5.3
143.786,37.888,31.1,4.6
142.59,37.002,20.9,4.6
142.982,42.287,57.2,4.5
140.636,36.479,66.9,4.6
143.83,39.931,36.1,4.7
141.766,38.203,62.1,4.9
143.457,39.881,33.9,4.8
143.677,40.743,31.8,4.7
143.192,36.608,30.6,4.5
141.959,36.673,33.7,4.7
141.905,36.611,33.5,4.6
140.73,36.46,53.1,4.7
141.18,37.055,62.9,4.6
142.152,40.035,69.8,4.7
143.479,39.589,34.2,4.6
142.428,38.288,42.9,4.5
138.78,36.952,104.3,4.5
140.929,36.682,46.0,4.8
141.076,36.789,31.8,4.5
140.788,37.067,8.0,5.4
140.503,37.021,49.7,4.5
142.317,38.712,44.1,5.0
143.659,37.303,29.0,4.6
142.352,38.602,37.6,4.6
140.913,35.446,35.0,4.7
142.627,37.435,35.0,4.6
140.956,36.697,46.0,4.5
141.044,36.867,39.8,4.5
140.559,36.633,11.2,4.9
144.076,41.259,28.1,4.5
143.892,37.538,19.6,4.6
143.7,40.074,35.0,4.7
141.058,35.788,25.1,4.6
139.962,39.704,158.9,4.6
142.387,38.696,45.0,4.5
143.81,37.67,35.7,4.7
143.651,40.292,25.5,4.7
144.532,37.401,10.8,4.6
142.201,37.615,35.5,4.7
141.923,38.908,65.1,4.5
140.152,35.425,52.8,4.5
142.377,37.099,40.4,4.6
142.944,42.337,63.9,4.8
141.263,36.96,18.2,4.6
141.642,37.563,46.4,4.5
142.69,36.855,16.2,4.9
144.015,38.607,22.2,4.5
144.824,38.002,10.1,4.7
141.85,36.574,34.8,4.7
140.458,39.594,112.4,4.6
141.184,36.757,10.2,4.5
142.315,38.744,31.3,4.7
141.18,36.904,19.4,4.9
142.311,41.972,59.0,4.9
143.547,35.565,28.3,4.6
141.042,36.907,60.8,5.0
143.575,39.758,18.7,4.7
143.771,39.74,11.8,4.8
144.2,37.628,35.0,4.6
143.625,39.778,32.9,5.0
142.409,41.207,68.8,4.7
144.274,37.621,35.5,4.5
141.862,38.213,56.0,5.8
141.246,35.221,34.4,4.5
142.861,36.375,29.4,4.8
141.999,38.121,29.7,4.9
145.313,39.545,33.0,4.5
143.265,39.447,30.7,4.6
143.125,39.9,33.8,4.6
142.472,40.199,44.9,5.0
140.65,37.136,15.5,5.3
141.697,37.53,56.0,4.5
141.964,36.254,31.3,4.6
146.696,42.48,43.4,4.8
141.837,36.276,15.6,4.9
140.754,35.67,34.2,4.7
141.758,36.324,32.3,4.8
141.698,36.251,14.0,5.2
141.625,37.5,40.0,5.5
142.075,38.585,49.0,4.5
142.177,39.056,54.6,5.0
141.794,38.314,49.5,4.6
140.27,35.674,63.1,4.5
141.059,35.595,32.3,4.5
142.264,39.621,63.3,5.2
144.971,37.349,31.9,4.5
142.126,38.397,23.6,4.8
142.318,37.193,13.3,4.5
141.903,38.323,48.3,4.6
141.705,39.638,81.9,5.3
140.851,35.768,41.1,4.6
141.453,37.323,11.8,5.0
143.937,38.245,26.8,4.7
142.605,41.986,71.4,4.5
143.276,39.703,27.2,4.7
141.372,37.143,16.6,4.8
143.557,39.741,17.9,4.9
142.053,41.484,55.3,4.7
143.32,39.376,27.9,4.5
143.931,37.948,33.7,4.5
142.345,40.83,52.6,5.0
143.365,38.471,46.3,4.5
142.592,41.282,46.8,4.5
140.578,35.638,30.6,4.6
140.459,35.548,53.6,5.0
141.411,37.214,47.7,4.9
141.792,38.671,46.3,4.6
143.798,37.473,31.2,4.6
143.352,37.285,3.7,4.7
143.573,39.805,33.0,4.9
141.77,39.153,98.5,4.5
141.516,37.705,48.0,4.9
140.795,39.181,29.2,4.6
144.411,39.122,39.4,4.8
143.704,36.021,35.0,4.5
143.352,36.353,12.4,4.9
142.066,39.652,65.2,4.7
142.347,37.751,31.8,4.5
141.471,37.739,39.0,6.0
144.461,38.704,35.0,4.5
141.396,37.155,35.0,4.5
141.17,36.838,35.0,4.8
141.828,40.408,44.6,4.9
140.443,36.96,9.9,4.6
140.514,36.794,27.3,4.6
143.456,37.721,23.8,4.5
141.82,37.531,54.1,4.7
143.673,37.412,11.3,5.0
143.435,37.466,34.9,4.5
139.201,36.484,21.9,4.5
140.979,35.702,35.0,5.6
142.055,36.765,40.9,4.7
140.361,37.063,27.7,4.5
143.132,39.984,32.7,4.5
139.953,37.453,43.3,4.5
143.258,39.693,35.0,5.0
140.848,35.721,27.7,4.6
142.551,40.021,35.4,4.5
142.844,39.922,44.3,4.6
141.63,38.475,50.5,5.9
141.307,37.572,57.3,5.3
139.332,35.95,109.1,4.7
142.018,41.535,60.4,4.6
142.085,37.504,52.2,4.6
141.318,36.858,31.2,4.6
140.8,35.501,57.8,4.8
144.546,37.383,8.0,5.0
141.342,36.762,48.5,5.4
142.54,36.544,35.0,4.5
140.792,35.705,10.0,5.0
144.069,36.695,10.4,5.1
143.385,39.436,35.6,4.7
143.234,39.539,31.4,4.6
143.288,39.523,31.7,4.5
143.311,39.426,32.0,4.5
143.155,39.506,16.8,5.5
143.441,38.563,10.0,4.6
143.549,39.448,10.0,4.6
143.342,39.521,10.0,4.7
143.066,39.54,15.6,5.1
143.36,39.473,25.9,4.7
141.98,39.208,10.0,4.6
143.498,39.446,10.0,4.9
143.167,39.526,14.0,6.0
141.936,38.868,35.0,5.3
141.12,35.433,10.0,4.5
140.881,35.778,10.0,4.6
140.814,35.745,10.0,4.7
143.712,37.48,35.0,4.6
141.666,37.648,53.9,4.6
140.357,36.724,71.9,4.7
140.592,36.435,58.6,4.6
141.594,36.123,41.8,4.9
142.117,39.646,71.5,4.7
140.028,35.459,72.4,4.8
141.844,39.302,72.7,5.0
143.462,41.101,42.8,4.7
141.97,37.851,67.0,4.6
142.047,41.543,74.9,4.6
142.374,40.007,61.6,4.7
142.073,38.705,50.9,4.7
141.711,38.337,65.4,4.7
139.388,36.84,10.0,4.6
139.245,36.844,10.0,5.8
142.049,37.689,37.7,4.5
140.65,37.014,47.3,4.6
141.095,35.224,16.0,4.8
141.167,35.264,35.0,4.7
142.939,37.922,45.5,4.6
141.862,38.28,70.1,4.8
140.955,35.251,20.0,5.4
140.232,35.598,65.7,4.6
142.251,38.716,49.2,4.5
142.175,38.811,63.5,4.6
142.372,37.213,35.0,4.5
145.037,40.759,10.0,4.5
141.508,37.349,49.2,4.7
141.859,38.274,66.4,4.5
142.652,36.47,35.0,4.5
141.791,36.659,35.4,4.6
143.763,37.637,20.3,4.7
141.751,38.488,84.3,4.7
142.168,38.595,57.6,4.6
142.3,37.041,11.8,4.7
141.091,36.879,35.6,5.0
142.925,38.13,46.1,4.5
142.88,39.183,47.5,4.6
140.064,35.7,51.2,4.8
142.027,38.682,52.7,4.7
142.091,36.056,18.0,4.5
140.124,36.037,72.0,4.5
140.109,35.543,69.8,4.8
139.731,35.962,52.1,4.8
140.434,36.766,38.5,4.7
141.683,38.178,67.9,4.9
143.759,37.418,23.5,4.7
140.446,36.562,89.2,5.0
145.02,37.777,10.0,4.6
141.504,37.809,61.7,4.8
143.144,39.446,44.6,4.5
140.735,35.776,18.6,4.9
143.718,40.253,34.6,4.5
142.608,42.137,57.0,4.8
144.6,42.3,45.0,4.6
142.673,36.296,4.5,4.6
143.873,37.829,14.4,4.7
143.845,37.634,10.0,4.6
141.574,37.133,35.0,4.8
142.156,39.182,60.0,5.0
144.933,37.238,10.0,4.5
143.699,37.753,35.0,4.7
143.653,37.356,23.5,4.5
141.308,37.491,57.2,5.0
142.309,40.133,35.0,5.4
141.616,35.194,21.3,4.5
142.366,37.829,46.7,4.9
142.061,37.484,41.9,4.7
141.168,35.295,15.3,4.6
143.107,36.281,10.0,4.6
141.259,36.937,75.9,4.6
140.618,35.661,39.9,4.6
143.841,37.666,10.9,4.5
143.81,37.616,35.0,4.6
142.736,36.445,18.9,4.6
143.757,37.608,35.0,4.6
143.832,37.545,35.0,4.5
143.667,37.536,35.0,4.7
143.706,37.552,35.0,4.5
143.752,37.528,17.8,4.6
143.8,37.705,24.3,4.8
143.718,37.483,37.2,4.8
141.168,37.018,39.8,5.2
142.024,38.738,55.6,5.4
141.025,37.064,66.2,5.0
143.86,38.139,35.0,4.6
144.505,37.943,35.0,4.6
142.429,41.365,68.5,4.6
141.71,38.633,50.5,5.0
141.257,37.052,54.8,4.8
143.683,37.53,35.0,4.5
142.487,42.194,10.0,4.6
143.922,37.907,13.8,4.8
142.368,37.16,44.5,4.9
143.732,37.472,35.0,4.9
143.762,37.566,35.0,4.7
143.771,37.562,35.0,4.6
143.456,39.66,35.4,4.6
143.752,37.64,35.0,4.9
140.305,36.163,75.6,4.8
141.545,37.417,32.9,4.5
139.15,40.672,32.0,4.8
141.831,36.247,16.5,4.7
141.917,36.664,32.1,5.1
143.568,37.728,20.7,5.0
141.18,36.838,27.4,4.9
143.846,37.626,35.0,4.5
143.716,37.736,35.0,4.5
143.8,37.194,25.2,4.5
143.729,37.615,35.0,4.8
143.734,37.616,19.6,4.8
141.029,36.823,35.0,4.8
141.205,37.311,62.6,5.2
142.3,38.657,53.6,4.8
144.318,37.925,35.0,4.7
143.866,38.121,35.0,4.5
143.654,37.556,35.0,4.6
143.703,37.547,35.0,4.5
143.569,37.473,37.8,4.9
140.108,35.575,71.7,4.6
141.837,36.316,40.1,4.5
141.301,36.99,21.9,4.7
143.833,37.633,35.0,5.1
143.716,37.819,21.3,4.7
143.693,37.717,35.0,4.8
143.061,38.382,10.0,4.8
144.056,37.817,8.8,4.7
144.244,37.846,35.0,4.5
143.776,37.557,12.1,4.7
143.676,37.568,39.2,4.5
144.099,37.708,10.1,4.5
144.055,37.776,17.8,4.5
143.595,37.796,21.9,4.9
143.818,37.603,20.8,4.9
143.825,37.53,19.4,4.9
143.811,37.519,22.3,5.0
144.077,38.305,35.0,4.8
143.818,37.944,35.0,4.9
143.931,38.015,35.0,4.5
143.985,37.747,33.6,4.8
143.261,42.338,61.9,4.8
143.787,37.551,20.0,4.6
143.758,38.155,24.8,4.7
144.095,38.017,16.9,4.5
143.937,38.05,21.5,4.6
143.617,37.744,19.1,5.1
143.633,37.304,15.7,4.9
143.924,37.354,35.0,4.9
144.006,37.84,35.0,4.7
143.833,37.729,35.0,4.5
143.725,37.731,35.0,4.6
143.637,37.73,35.0,4.8
143.957,37.818,35.0,4.8
143.556,37.664,35.0,4.9
143.858,37.655,22.1,4.6
143.959,37.826,14.9,4.7
143.747,37.548,11.6,4.6
143.576,37.696,35.0,4.5
143.866,37.432,8.4,4.5
143.787,37.589,19.7,4.7
143.854,37.842,17.9,4.8
143.762,37.739,24.4,5.2
143.515,37.817,35.0,4.8
143.827,37.469,35.0,4.6
143.582,37.533,35.0,4.9
143.678,37.785,17.4,4.7
143.635,37.793,13.9,4.9
143.732,37.577,35.0,4.5
142.817,40.875,35.0,4.9
144.115,38.12,35.0,4.5
143.952,37.743,35.0,4.6
143.779,37.706,35.0,4.9
144.097,38.195,32.2,4.8
144.031,37.917,35.0,4.6
144.138,38.085,35.0,4.5
143.783,37.835,10.5,4.8
143.755,37.739,35.0,4.9
143.747,37.715,35.0,4.7
143.771,37.654,35.0,5.1
143.894,37.76,35.0,4.7
143.781,37.869,35.0,5.0
143.811,37.85,35.0,4.7
144.181,37.854,35.0,4.7
143.633,37.813,35.0,5.1
143.627,37.835,35.0,5.0
143.667,37.546,35.0,4.8
143.854,37.676,35.0,4.5
143.643,37.549,35.0,4.7
143.808,37.826,35.0,4.5
143.749,37.845,35.0,4.8
143.906,38.007,35.0,4.5
143.867,37.751,35.0,4.6
143.752,37.611,35.0,4.5
143.821,37.535,35.0,4.5
143.657,37.671,35.0,4.6
143.99,37.976,35.0,4.5
144.205,37.803,35.0,4.7
143.788,37.727,35.0,4.7
143.67,37.194,35.0,4.5
143.65,37.514,35.0,4.7
143.575,37.744,35.0,4.7
143.819,37.738,27.0,4.7
143.714,37.633,35.0,4.7
143.607,37.828,20.2,5.5
143.913,38.146,35.0,4.6
143.707,37.803,35.2,4.7
143.93,37.325,35.0,5.2
143.764,37.914,32.0,6.2
143.949,37.89,31.0,7.3
140.09,35.544,54.1,4.8
140.789,36.293,92.2,4.6
143.791,39.151,35.0,4.6
143.567,39.212,35.0,4.7
144.046,37.613,10.0,4.6
139.852,35.53,83.1,4.8
141.702,38.23,59.8,5.1
141.694,38.212,68.8,5.3
139.832,36.002,57.9,4.9
142.111,39.136,60.5,4.8
140.339,35.242,75.4,4.8
141.648,38.479,34.9,5.0
143.04,41.136,50.2,4.9
140.988,35.217,41.6,5.3
140.79,36.352,53.5,4.5
141.14,35.418,35.0,4.7
142.442,36.1,29.6,4.9
144.283,41.625,35.0,4.5
141.549,37.645,76.0,4.7
141.27,36.731,44.1,4.6
143.926,35.347,10.0,4.6
141.448,38.862,89.4,4.6
141.246,36.838,37.1,5.2
142.041,36.686,42.2,4.5
140.954,35.713,20.2,4.7
143.61,37.791,19.1,5.6
140.851,36.267,35.0,4.6
141.542,37.684,46.1,4.8
139.808,35.994,58.8,4.5
141.109,36.122,35.0,4.5
140.976,36.547,35.0,4.5
142.717,36.186,17.4,4.6
142.441,36.048,11.4,4.5
141.557,37.608,80.1,4.7
142.027,38.736,53.5,4.6
142.279,41.035,66.8,4.7
141.699,38.306,55.7,5.6
140.752,36.474,77.4,4.6
142.293,38.75,57.5,4.7
143.05,39.625,51.8,4.7
141.838,38.015,65.9,4.6
142.224,39.129,70.6,4.8
142.135,37.039,41.8,4.6
142.031,39.337,43.6,4.6
143.306,39.58,35.7,4.7
138.668,36.947,22.9,4.5
141.709,36.69,38.4,4.8
142.667,37.663,23.6,4.6
144.333,38.215,34.0,5.4
142.324,40.261,50.5,4.8
140.346,35.764,25.1,5.2
139.975,36.042,93.4,4.5
140.432,39.964,37.1,4.5
141.327,35.288,35.0,4.6
140.432,39.976,38.1,4.9
142.074,39.393,73.4,4.5
141.831,38.052,56.4,4.9
143.228,39.744,31.8,4.7
143.686,39.565,10.0,4.6
143.271,39.651,26.9,4.7
140.892,36.141,28.5,4.6
143.189,39.74,10.0,5.2
143.099,39.808,15.0,6.1
141.409,37.164,77.9,4.9
141.257,36.892,24.2,4.9
141.028,36.916,26.4,5.1
141.308,35.896,53.9,4.7
142.761,40.062,11.2,4.5
142.082,38.326,26.4,4.6
144.0,39.659,10.0,4.5
140.116,35.043,59.9,4.8
143.81,39.778,25.7,4.7
140.99,35.482,47.5,4.6
143.733,36.782,12.7,4.9
142.359,36.102,31.0,4.6
142.319,36.114,21.0,5.0
141.196,36.628,52.1,4.9
142.035,41.471,76.6,4.6
142.34,36.854,26.7,4.6
142.273,37.991,50.2,4.5
143.344,39.607,37.7,5.1
142.052,39.832,62.4,5.0
144.783,39.24,10.0,4.5
140.388,35.752,35.0,5.2
141.017,36.047,18.4,4.7
143.944,41.688,50.5,4.8
141.875,37.548,21.2,4.5
141.157,36.76,28.2,4.6
143.75,41.69,29.6,4.6
143.596,39.889,31.7,4.6
142.902,36.955,35.0,4.6
141.844,38.326,50.9,4.6
143.477,39.565,17.1,4.6
139.931,37.822,35.6,4.6
141.418,37.158,35.0,4.5
139.763,36.13,68.1,4.5
141.814,38.425,47.4,5.5
141.755,36.303,45.9,4.8
143.818,37.307,35.0,4.6
142.865,36.468,35.0,4.6
140.969,36.962,88.7,5.2
142.913,42.419,54.5,5.9
141.774,37.686,58.3,4.9
142.582,37.944,26.1,4.5
142.86,42.404,61.8,5.0
141.323,36.927,55.9,5.1
140.218,35.82,75.4,4.9
141.819,35.564,38.9,4.6
141.948,41.2,73.9,4.8
141.845,37.304,41.9,4.6
141.891,37.957,56.0,4.5
141.815,37.202,51.8,4.7
142.168,36.702,27.0,4.6
141.993,36.397,35.0,4.7
139.851,35.861,82.2,4.5
141.069,37.269,59.2,4.5
141.087,36.738,66.3,4.8
142.275,42.035,72.5,4.5
142.316,39.103,51.0,4.7
141.77,37.528,28.8,4.6
140.941,35.425,53.7,4.6
140.077,36.06,51.9,4.6
139.775,35.956,67.9,4.8
141.88,39.35,65.9,4.8
143.465,39.368,29.8,4.7
142.132,38.861,73.8,4.7
141.8,38.029,48.7,4.8
142.323,39.075,49.2,5.3
144.197,37.915,23.0,4.7
144.41,37.255,10.6,4.6
141.215,37.383,37.5,4.6
140.159,35.929,73.4,4.5
140.148,36.065,65.7,4.6
142.47,36.358,43.1,4.7
140.593,36.831,103.1,4.5
142.197,36.67,6.2,4.7
142.444,37.72,43.4,4.5
141.947,38.589,67.8,4.7
141.871,42.364,96.2,4.6
141.825,37.792,48.5,4.9
141.715,37.568,34.0,4.7
141.264,36.979,27.0,4.7
139.579,36.076,77.8,4.6
142.396,38.921,35.0,4.6
144.644,36.293,10.0,4.6
143.093,41.541,55.8,4.6
139.727,36.076,60.4,4.5
141.004,35.786,11.5,4.6
138.094,36.777,15.7,4.8
142.137,38.659,51.1,4.7
140.505,35.63,52.3,4.5
140.601,37.085,22.7,4.7
142.763,42.006,78.1,4.6
141.995,41.046,74.4,4.6
142.037,38.012,43.8,4.5
141.983,37.28,43.5,4.6
142.131,40.004,40.1,4.5
141.747,38.243,80.1,4.6
140.481,35.308,34.0,4.5
140.343,35.17,35.0,4.7
143.012,40.989,35.0,4.5
140.407,35.948,38.8,4.6
140.934,37.165,77.9,5.2
140.916,36.698,42.9,4.5
143.42,39.63,35.4,4.5
141.909,38.975,57.9,4.6
142.351,39.867,65.0,4.5
142.134,36.747,14.5,4.5
141.954,38.856,41.0,4.8
143.492,39.369,26.1,5.0
143.364,39.38,10.0,5.2
143.333,39.339,29.6,4.7
140.972,36.986,51.6,4.5
141.686,37.66,35.0,4.8
144.727,39.045,35.0,4.8
141.831,38.919,36.0,6.3
139.958,36.148,58.0,4.6
143.225,39.001,38.0,4.7
141.735,38.224,61.4,4.7
142.236,37.269,22.1,4.6
142.478,40.102,67.1,4.5
142.119,38.742,48.7,4.7
146.343,36.572,10.0,4.5
141.852,37.558,48.8,4.9
143.363,39.838,38.7,4.5
143.358,39.857,37.6,4.7
143.295,39.875,34.7,5.0
144.276,37.871,33.0,4.8
141.214,36.833,35.3,4.6
142.578,37.104,22.4,4.6
141.96,40.161,66.2,4.6
141.391,36.902,10.0,4.6
140.708,35.667,48.2,4.5
139.642,35.98,63.1,5.1
141.26,37.543,52.0,4.6
142.173,38.831,58.4,4.5
143.105,42.377,57.7,4.7
144.686,39.021,18.7,4.7
144.645,39.099,33.6,5.2
139.95,35.707,66.2,5.1
144.666,38.569,24.8,4.7
142.32,38.37,38.0,4.6
145.176,40.847,10.0,4.8
144.428,38.958,4.2,4.6
141.586,37.637,39.1,4.6
143.613,39.385,10.0,4.5
143.904,39.249,10.0,4.6
143.498,39.327,30.9,4.6
142.082,41.335,46.0,5.9
143.44,39.284,17.4,4.6
143.22,39.663,10.0,4.9
143.623,39.604,32.7,4.5
143.541,39.412,11.3,4.5
143.513,39.389,21.1,4.6
143.47,39.364,28.6,5.2
143.461,39.264,29.8,4.5
143.933,39.289,22.4,4.6
143.471,39.482,10.0,4.8
143.619,39.556,28.7,5.1
143.508,39.373,31.6,4.5
143.569,39.418,17.1,4.6
143.267,39.49,24.5,4.5
143.116,39.543,10.0,5.0
143.197,39.577,28.9,5.1
143.175,39.619,10.0,5.3
143.352,39.529,29.7,4.7
143.164,39.646,11.0,6.3
143.248,39.548,11.0,5.6
143.559,39.51,36.8,4.5
143.371,39.59,7.7,4.9
143.392,39.596,10.0,4.7
143.311,39.665,10.0,5.9
144.138,37.025,9.8,4.5
143.214,39.598,25.1,4.8
143.24,39.617,38.3,4.7
143.178,39.646,35.8,5.0
140.662,35.824,42.0,4.6
139.695,36.129,64.5,4.9
141.763,38.257,86.6,4.7
142.082,39.647,72.0,4.5
141.387,36.726,5.5,4.7
143.157,38.593,35.0,4.5
143.624,39.943,26.5,4.7
141.343,36.786,34.7,4.5
142.076,39.79,43.6,4.7
142.171,39.772,40.4,5.2
141.829,39.376,65.4,4.5
143.474,39.966,28.7,4.6
144.644,37.364,31.0,5.0
141.134,36.902,37.5,4.7
142.096,38.462,60.3,4.5
141.416,36.844,41.1,4.5
140.859,35.369,49.5,4.6
141.628,38.182,65.5,5.1
140.01,35.516,35.0,4.5
143.608,39.938,18.8,4.7
141.744,36.936,39.6,4.7
142.148,36.748,13.5,4.6
143.913,37.966,31.4,4.8
143.537,39.711,22.9,4.6
141.358,37.068,31.8,4.6
143.596,39.931,35.0,4.6
142.037,39.745,10.0,5.6
141.016,36.905,56.6,4.6
140.349,35.596,44.0,5.8
143.261,39.419,39.5,4.5
143.029,39.875,42.9,4.9
141.818,41.485,75.0,5.1
141.679,37.363,41.2,4.5
141.201,37.612,63.7,4.7
140.689,35.691,44.2,4.5
140.472,35.622,54.3,5.5
141.262,36.23,22.0,4.6
139.825,37.876,40.4,4.5
143.541,37.816,10.0,4.7
141.178,37.277,36.7,4.5
141.818,36.168,35.0,4.6
144.835,40.934,25.5,4.6
144.865,40.924,15.0,4.6
141.811,38.745,35.0,4.7
141.181,36.976,31.9,5.2
141.272,36.755,32.0,4.6
142.308,38.802,57.0,4.6
141.214,37.051,21.7,4.6
142.272,38.271,61.5,4.6
142.789,38.689,43.1,4.5
142.113,39.941,65.0,4.5
141.141,37.084,25.4,4.7
141.149,36.776,41.1,4.7
141.16,37.212,35.0,4.5
141.248,37.082,35.0,4.5
141.253,37.219,20.3,4.5
141.229,37.128,42.3,4.7
141.206,36.707,30.4,4.7
141.072,36.814,23.7,4.9
142.174,38.438,29.6,4.6
141.17,36.998,35.0,4.6
142.811,38.083,35.0,4.5
141.178,36.935,35.0,4.6
141.151,37.022,28.1,5.1
141.256,37.011,38.3,4.6
141.311,36.966,36.1,4.9
141.152,36.988,11.0,5.7
141.373,36.914,10.0,4.7
141.468,37.513,25.1,5.5
141.195,36.88,43.9,4.6
141.032,36.865,27.3,5.2
142.075,39.503,10.0,4.9
143.492,39.866,26.7,4.6
142.009,38.821,60.7,4.6
140.71,36.611,67.9,4.6
141.109,35.818,20.4,4.5
142.788,36.808,35.0,4.5
141.741,35.772,28.1,4.6
142.004,36.873,24.0,4.6
142.373,40.329,22.1,4.9
142.794,38.398,42.0,4.6
139.526,35.781,96.7,4.8
142.813,37.937,24.7,5.0
142.099,38.871,66.0,4.9
142.586,38.743,44.3,4.6
144.172,37.323,35.0,4.8
142.36,39.807,47.1,4.6
140.957,37.116,48.0,5.7
143.332,37.027,34.2,4.6
142.521,37.945,39.5,4.6
144.887,40.796,35.0,4.6
144.867,40.843,10.0,4.5
144.807,40.764,10.0,5.1
142.336,39.791,40.1,4.5
145.128,40.787,10.5,4.6
144.527,39.211,75.7,4.7
141.244,37.539,57.2,5.1
141.852,38.335,67.3,4.7
142.355,39.115,60.4,4.5
144.777,40.642,35.0,4.5
144.907,40.756,11.5,4.7
144.411,36.535,10.0,4.8
141.86,36.116,10.0,4.6
144.995,40.723,35.0,4.5
142.321,39.725,58.9,4.9
143.5,39.753,24.2,4.7
142.017,39.859,15.0,6.1
140.979,35.687,19.5,4.6
142.323,40.342,43.6,4.7
145.204,40.688,10.0,4.7
141.603,37.692,62.2,5.2
141.579,38.552,51.6,4.6
145.101,40.867,35.0,4.5
145.079,40.801,35.0,4.6
142.785,37.769,12.4,4.6
141.864,38.618,68.0,4.6
142.437,36.692,8.6,4.7
142.152,37.637,26.0,4.8
142.756,37.789,10.2,4.8
141.258,35.724,26.3,4.6
142.365,36.786,19.4,4.5
142.299,36.741,9.7,4.9
142.309,36.748,22.5,4.8
140.945,35.691,28.7,4.5
141.082,35.707,41.4,4.6
144.861,40.779,35.0,4.8
144.853,40.742,10.0,4.8
144.809,40.797,13.6,4.8
141.951,41.521,81.7,4.9
140.963,35.65,10.0,4.9
142.159,39.128,57.5,4.9
144.09,36.639,35.0,4.7
141.499,38.157,64.8,4.6
144.887,40.839,10.0,4.6
140.449,36.81,38.2,4.5
145.088,40.821,10.0,4.8
144.676,40.822,16.6,4.5
140.878,35.747,35.0,4.7
144.464,39.347,20.1,4.8
139.279,35.802,103.8,5.5
145.066,40.862,20.2,4.6
141.866,38.074,54.8,4.8
143.089,39.978,43.2,4.8
145.123,40.783,10.0,4.7
145.004,40.926,10.0,4.6
144.83,40.845,10.0,4.7
145.109,40.854,35.0,4.6
144.99,40.924,2.4,4.8
144.31,38.99,24.7,4.7
144.967,40.914,12.3,4.7
141.612,35.502,30.0,5.2
144.771,40.82,25.3,4.9
144.91,40.93,10.0,4.8
144.959,40.749,7.8,4.6
144.903,40.866,1.3,4.7
144.897,40.875,10.0,4.7
145.177,40.787,20.3,4.7
144.925,40.949,10.0,4.6
144.87,40.935,7.1,4.6
144.8,40.928,4.2,4.9
140.873,35.725,8.8,4.7
140.695,35.687,10.0,6.0
144.848,40.905,10.0,5.4
144.806,40.755,12.0,5.6
144.854,40.909,10.0,4.7
144.761,40.781,10.0,6.1
144.912,40.864,10.0,4.5
145.007,40.829,10.0,4.9
144.944,40.887,12.0,6.9
143.758,38.187,19.5,4.6
141.446,39.224,35.0,4.7
144.153,39.665,32.9,4.9
141.488,37.369,35.0,4.5
142.033,35.642,10.2,5.0
140.51,36.823,33.0,4.6
140.392,36.719,27.1,5.4
143.186,39.528,45.8,4.8
142.105,36.751,26.6,4.9
142.111,35.848,35.0,4.5
144.767,38.516,18.8,4.7
144.874,38.481,16.7,4.6
142.334,38.791,51.5,4.7
143.398,39.641,28.7,4.7
144.843,38.488,23.1,4.7
141.648,38.567,63.9,4.8
143.351,40.293,34.3,4.7
139.747,36.028,61.7,4.7
142.144,38.32,71.4,4.7
142.331,39.277,64.9,4.5
143.472,39.694,37.0,4.5
141.778,35.698,35.0,4.9
141.662,37.758,51.9,4.6
142.389,40.167,52.5,5.0
141.348,35.03,19.4,4.7
141.925,36.193,35.0,4.6
144.559,37.082,10.0,4.6
139.391,37.087,81.7,4.5
141.902,38.968,66.8,4.6
142.428,37.143,27.8,4.8
142.866,42.331,81.2,4.5
141.343,37.334,57.7,4.9
141.043,35.16,26.8,5.3
144.322,37.208,42.7,4.7
141.082,37.113,58.6,4.7
141.157,36.749,50.3,4.6
140.936,35.169,42.1,4.8
144.154,37.21,22.1,5.0
140.448,36.427,74.9,5.4
141.001,35.2,26.2,5.6
143.339,39.622,35.0,4.8
141.513,37.305,45.0,5.2
144.137,37.203,10.0,5.4
141.023,36.373,12.8,5.0
142.105,36.256,43.1,4.8
142.118,36.321,6.3,4.9
141.748,38.568,69.0,4.7
142.217,39.873,60.6,4.6
142.767,40.623,49.8,4.7
143.663,37.156,10.0,4.7
140.094,35.915,65.4,4.6
142.18,39.009,65.5,4.8
142.477,42.044,74.8,4.8
142.289,39.093,53.5,4.6
141.954,41.551,61.7,4.5
140.212,35.483,54.9,4.7
141.03,41.102,120.0,4.6
141.792,36.11,27.2,4.8
142.307,38.791,61.5,4.6
143.506,36.204,23.0,4.6
140.61,36.76,45.0,4.5
140.313,36.761,10.0,5.2
141.908,38.005,48.9,4.7
143.671,37.313,35.0,4.7
140.857,36.403,41.0,4.8
144.327,37.665,35.0,4.5
141.704,38.677,67.8,4.5
142.478,41.951,67.3,4.6
140.921,35.497,51.0,4.5
139.335,41.961,29.6,4.6
140.955,36.144,30.0,4.5
141.475,37.803,61.4,5.0
140.335,42.006,35.0,4.5
140.538,42.146,59.2,4.5
141.642,36.16,13.8,5.1
140.906,35.521,12.8,4.7
141.434,35.514,12.9,4.7
144.499,39.207,44.9,4.9
141.386,36.214,28.0,5.8
141.365,36.581,52.6,4.9
141.402,36.193,30.2,5.5
142.332,36.657,22.0,4.6
144.252,38.529,20.2,5.2
142.054,38.692,57.8,4.9
139.51,36.008,71.5,4.7
142.691,39.188,62.3,4.5
140.617,38.418,106.2,4.8
143.06,35.529,10.0,4.6
144.726,38.26,10.0,4.7
140.265,41.275,158.4,4.6
140.086,35.717,76.4,4.7
141.205,36.618,26.2,4.5
140.671,36.483,10.7,4.7
142.437,38.469,46.1,4.6
140.73,36.273,46.3,4.7
142.17,40.291,53.7,4.8
141.869,37.343,33.2,5.0
142.654,39.071,60.1,4.7
143.465,36.504,10.0,4.8
142.099,38.482,50.9,4.7
144.567,37.049,35.0,4.5
141.579,37.201,21.0,4.8
142.365,38.876,49.6,4.7
142.045,37.295,58.8,4.5
138.906,35.506,40.4,4.6
142.19,40.251,59.9,4.9
142.352,37.715,37.9,4.6
141.004,36.789,43.3,4.8
142.211,40.177,55.3,5.6
138.953,35.467,45.9,4.6
138.888,35.474,36.3,5.2
138.869,35.462,38.7,4.9
140.865,35.716,16.6,4.9
143.891,37.904,14.0,5.0
141.19,37.07,57.8,4.7
144.785,37.904,35.0,4.9
141.573,38.19,52.3,5.2
141.014,36.779,60.4,4.8
141.108,36.751,23.9,4.7
144.822,37.754,21.5,4.7
142.459,40.183,66.6,4.5
140.965,37.108,62.4,5.2
142.225,37.386,35.8,4.7
140.863,35.436,32.0,4.6
143.566,37.671,35.0,4.7
142.127,41.532,79.7,4.7
143.311,37.75,22.4,5.2
141.729,38.617,19.2,4.6
142.467,36.124,32.0,4.6
141.867,36.28,37.6,4.5
140.976,35.839,10.0,4.7
142.309,39.153,52.6,4.7
142.156,39.02,71.2,4.5
142.486,39.09,44.5,4.7
141.875,38.633,59.6,4.6
140.724,37.077,20.8,4.6
139.665,36.087,60.1,4.7
140.699,35.635,52.9,4.7
140.493,35.755,66.7,4.7
142.069,36.047,30.9,4.5
142.6,42.019,66.2,4.5
142.358,40.16,56.5,4.8
142.752,35.465,37.3,4.6
141.895,36.672,25.3,5.0
141.148,36.882,41.1,4.7
142.461,38.336,35.0,5.2
141.071,36.994,16.0,5.5
141.147,36.389,45.6,4.8
142.022,36.644,36.1,4.7
143.25,39.546,15.6,4.9
141.205,36.906,21.2,4.5
141.369,36.732,44.8,4.6
141.466,36.654,38.2,4.6
141.785,39.363,62.3,4.9
140.405,35.391,20.8,4.8
142.073,36.063,31.6,5.0
141.278,37.264,35.0,4.7
141.894,37.443,57.9,4.6
141.803,37.534,30.3,4.8
140.798,35.856,42.8,4.9
142.197,38.714,47.1,5.0
140.444,37.1,49.1,4.5
144.326,38.34,35.0,4.8
141.871,36.35,31.6,4.8
141.649,36.358,18.6,4.9
144.748,37.401,10.0,4.8
141.351,37.844,49.5,4.5
140.529,36.753,24.2,4.7
141.997,38.899,71.7,4.7
141.742,38.81,66.2,4.7
142.09,38.253,46.2,4.6
140.758,35.878,61.7,4.9
140.945,36.869,46.6,4.5
145.146,42.469,33.7,4.6
143.337,39.78,37.8,4.6
142.187,37.572,37.4,4.8
141.011,37.038,48.1,4.8
139.347,35.812,117.5,4.9
141.941,39.604,63.4,4.7
144.803,38.2,10.0,4.7
142.559,40.099,52.7,5.1
140.379,36.665,33.5,4.6
140.644,36.753,30.9,4.7
141.017,35.481,35.0,4.6
142.121,38.352,35.9,4.6
140.913,35.508,30.2,5.1
142.291,38.664,44.8,4.8
139.927,36.347,86.1,4.8
142.162,38.433,14.2,4.8
143.338,38.069,35.0,5.0
144.574,37.005,10.0,4.5
143.651,37.754,10.7,5.0
140.573,35.783,26.0,4.7
142.352,38.176,39.5,4.7
140.809,36.193,49.0,4.8
140.548,36.515,67.4,4.6
144.186,38.052,22.4,4.9
142.025,37.41,47.1,4.6
141.997,38.366,65.4,4.5
143.588,37.659,10.0,5.0
141.715,38.63,55.3,4.7
142.291,35.121,35.0,4.8
142.389,40.251,58.0,4.9
140.932,36.297,44.0,4.9
142.596,38.079,29.2,4.7
140.984,35.56,25.1,4.7
142.149,37.572,45.2,4.8
141.85,38.016,52.6,4.9
141.805,36.158,17.1,5.2
141.791,38.18,64.3,4.6
142.417,35.208,35.0,4.5
142.323,35.132,18.8,4.9
141.536,37.366,53.2,4.9
141.893,38.901,28.5,4.6
140.152,35.257,30.9,5.2
140.986,36.174,17.9,4.9
141.646,38.226,69.5,4.8
142.075,37.033,15.2,4.5
143.553,39.61,29.6,4.9
141.887,37.715,57.7,4.5
144.921,37.878,6.2,4.5
144.342,38.057,24.2,4.6
141.915,38.669,63.7,4.7
142.312,36.68,15.2,4.7
140.757,36.464,58.2,4.6
141.786,37.625,41.8,4.7
141.558,37.7,45.1,4.5
142.078,38.845,51.7,4.8
138.292,37.619,54.3,4.5
142.332,37.129,37.8,4.7
140.561,35.276,35.0,4.7
142.639,41.898,38.0,6.2
140.393,35.926,73.6,4.7
141.368,37.365,34.0,6.1
141.024,35.205,39.0,4.8
142.057,38.437,46.8,4.5
144.185,37.624,35.0,4.6
142.19,37.816,48.5,4.7
142.114,39.757,44.1,4.5
140.428,36.787,36.1,4.8
140.378,36.775,32.0,5.0
140.824,35.591,43.2,4.8
140.625,35.371,62.1,4.9
141.706,37.8,58.6,4.8
142.161,39.14,35.0,4.6
141.846,37.478,43.9,4.6
143.148,39.668,35.0,4.8
141.633,35.671,33.5,5.0
141.912,38.82,60.9,5.0
143.335,39.686,29.4,4.7
142.458,37.088,48.3,4.8
141.545,37.303,30.0,4.8
139.989,35.012,65.0,4.7
141.533,37.193,53.5,4.8
143.389,39.725,35.0,4.9
143.371,39.667,14.8,5.1
144.037,37.585,10.0,4.6
142.556,37.762,35.0,4.5
140.881,36.281,37.1,4.8
142.762,37.4,36.3,5.0
144.18,37.567,29.2,4.9
143.962,37.651,21.9,5.0
141.158,37.014,41.4,4.6
140.565,37.081,47.0,4.5
144.908,38.194,8.7,4.7
139.277,36.869,12.6,4.6
144.287,37.837,10.0,4.5
143.241,39.65,41.2,4.8
144.183,37.84,33.5,4.8
140.359,36.911,27.6,4.5
140.586,35.568,54.6,4.8
139.847,42.045,182.8,4.6
141.138,35.973,19.1,4.8
139.934,35.814,82.5,5.0
141.878,36.794,35.0,4.6
142.1,36.275,21.0,4.6
141.626,39.014,76.0,4.7
141.642,35.941,20.5,5.0
141.53,36.146,34.0,4.7
143.756,39.87,22.1,4.7
143.631,39.877,10.0,4.7
141.534,35.125,41.1,4.8
140.308,35.9,72.8,4.9
142.418,38.783,31.2,4.8
142.763,35.277,37.8,4.5
144.548,37.666,10.0,4.9
142.496,36.572,36.7,4.9
141.857,38.239,58.2,4.9
141.517,35.193,2.9,4.7
141.86,35.461,33.6,4.5
141.925,38.3,35.0,4.5
141.79,38.76,42.2,4.5
139.868,37.759,51.6,4.6
141.452,37.534,68.1,4.7
144.531,37.657,21.3,4.8
140.599,35.32,9.3,4.7
143.929,37.115,35.0,4.7
140.971,37.026,37.1,5.0
143.357,39.502,17.7,4.6
141.173,37.065,63.9,4.7
141.874,38.585,58.7,4.6
143.697,40.312,26.4,4.7
141.825,37.584,24.5,4.7
143.439,36.939,5.0,4.8
142.166,36.671,37.2,4.6
140.479,37.113,33.9,4.6
143.457,39.555,51.2,4.5
141.063,36.813,55.7,4.5
142.07,38.244,42.9,4.7
142.021,38.638,61.0,4.7
142.28,38.366,57.3,4.7
143.503,39.527,29.9,4.9
141.701,36.673,45.8,4.5
141.89,37.744,35.4,5.0
141.934,36.085,35.0,4.8
142.35,42.122,71.2,4.5
141.449,37.415,52.3,4.6
140.251,35.686,70.7,4.9
143.356,39.724,21.2,4.8
142.762,37.641,26.3,4.9
144.479,37.69,19.3,4.6
141.312,35.83,44.9,4.8
144.421,37.765,35.0,5.0
142.753,36.438,35.0,4.7
141.912,37.986,55.3,4.5
143.472,36.551,25.5,4.8
144.745,38.108,12.2,4.8
146.244,42.105,10.0,4.9
141.257,37.547,46.0,5.6
140.207,36.281,77.2,4.8
140.222,35.894,64.7,4.7
141.964,41.631,46.0,5.3
145.496,37.567,10.0,4.8
142.644,38.25,35.0,4.6
141.869,40.168,45.5,4.7
142.023,40.113,40.8,4.9
143.987,37.094,10.0,4.5
144.773,37.88,15.8,4.6
144.046,37.098,10.0,4.5
141.208,37.302,48.0,4.7
140.846,35.372,35.0,4.8
140.921,35.53,14.3,4.8
141.399,37.373,27.9,4.9
144.444,38.41,14.5,4.9
140.857,35.366,45.1,4.7
143.523,39.147,10.0,5.0
140.433,36.79,41.2,4.5
143.251,39.897,37.7,4.9
140.955,37.098,29.8,4.7
141.933,36.078,24.3,4.7
141.977,36.057,2.4,4.6
140.65,37.147,43.5,5.1
141.284,37.416,38.2,4.7
142.865,35.463,35.0,4.7
144.908,38.035,10.0,4.5
142.499,40.123,63.7,4.8
142.148,37.733,40.9,4.9
140.586,36.895,38.4,4.7
140.537,36.627,53.1,4.6
142.581,42.145,23.5,4.7
140.595,36.755,35.0,4.6
144.042,41.93,39.9,4.9
141.39,35.178,23.4,4.7
142.378,38.825,47.5,4.5
143.034,39.66,35.0,4.9
141.85,39.352,61.7,5.2
140.435,36.762,27.8,5.0
141.042,35.418,19.7,4.5
141.401,37.375,35.7,4.9
141.249,36.789,48.0,4.5
140.324,36.774,42.5,5.1
141.678,38.551,65.9,4.9
143.678,37.429,10.0,4.6
142.79,37.246,35.0,4.5
141.404,37.844,54.4,5.4
141.975,37.233,43.2,4.5
142.315,42.036,69.4,5.1
143.052,39.845,10.0,5.6
143.226,40.248,22.1,5.2
141.872,38.307,59.6,4.8
143.097,40.319,36.9,4.6
143.207,39.944,52.9,4.7
142.657,40.265,30.0,5.7
142.861,40.291,30.0,5.3
143.527,36.198,10.0,4.5
143.139,40.242,35.7,4.7
143.145,40.242,37.7,5.7
143.15,40.077,40.7,5.8
143.008,40.239,18.0,5.9
143.368,40.245,35.0,4.9
143.24,40.235,35.0,5.7
143.397,40.164,35.0,5.1
142.083,40.555,35.0,4.9
142.779,40.273,30.0,6.7
141.986,38.273,54.5,4.7
140.808,35.443,45.6,4.9
141.53,36.307,32.7,4.8
141.629,36.213,10.0,4.7
141.598,36.591,45.0,4.7
142.183,39.841,35.0,4.8
141.338,36.256,28.0,6.1
141.76,37.745,60.7,4.8
143.592,39.81,24.8,4.5
140.522,36.744,36.6,4.7
142.318,38.79,60.9,4.7
141.088,35.213,35.0,4.8
142.374,38.926,53.0,4.6
143.329,35.69,20.0,5.0
140.908,36.535,63.6,4.7
141.098,35.508,37.9,4.6
142.294,36.709,15.1,4.8
141.674,36.157,35.2,4.8
139.938,35.525,71.6,4.7
141.801,36.32,24.4,4.7
142.22,36.738,30.8,4.8
140.551,36.473,57.9,4.9
142.185,39.811,39.5,4.7
142.217,37.09,10.0,4.6
141.835,37.238,37.0,5.1
143.247,36.971,35.0,4.7
142.178,38.199,72.6,4.5
142.424,42.238,7.7,5.1
144.124,37.258,10.0,4.7
140.453,39.23,43.1,4.6
143.477,39.962,24.1,5.0
141.692,36.581,14.9,4.7
142.522,42.238,17.5,4.8
141.632,36.678,26.6,4.6
141.594,36.661,21.0,5.2
143.536,40.016,21.7,4.6
142.622,36.51,10.0,5.1
141.412,37.573,50.2,4.5
141.348,35.348,35.0,4.6
141.53,37.553,35.0,4.6
142.363,38.345,36.0,4.9
142.199,37.378,35.0,4.5
139.358,35.79,100.8,5.0
140.569,35.653,61.1,4.9
142.057,36.841,23.3,4.7
142.268,39.063,47.3,4.6
142.781,37.36,21.2,4.6
141.909,36.399,32.3,4.8
139.935,35.459,71.6,4.7
141.735,38.395,50.6,4.7
142.571,36.308,27.6,4.9
140.425,39.194,151.1,4.9
142.125,42.452,99.3,4.7
143.323,39.749,31.4,4.7
143.628,38.195,35.0,4.6
140.868,36.601,24.0,4.7
142.583,36.439,10.0,4.7
141.943,36.072,15.6,4.5
142.161,37.218,36.9,4.6
141.103,37.068,35.0,4.9
142.459,40.126,62.6,4.5
141.255,36.803,35.0,4.6
141.267,37.039,31.7,4.7
143.867,36.706,10.0,4.7
141.877,38.908,76.3,4.5
142.172,39.773,46.4,4.7
143.452,36.106,19.6,5.0
141.852,36.389,39.2,4.5
142.349,36.973,26.5,4.6
141.799,36.782,29.5,4.5
141.013,36.829,58.1,4.5
142.465,42.096,66.5,4.8
140.945,37.208,57.1,4.8
141.999,36.009,36.9,4.5
141.963,36.167,20.5,4.6
141.748,36.204,31.9,4.7
141.853,36.005,28.6,4.9
141.688,36.083,12.0,5.9
141.897,36.044,17.8,4.7
140.008,36.038,80.8,4.7
143.97,36.843,10.0,4.6
141.101,37.06,65.5,4.7
140.427,36.862,26.5,4.6
141.885,38.638,62.6,4.9
141.847,38.61,48.3,4.7
139.981,35.181,91.9,4.5
141.801,36.253,35.0,4.9
141.737,38.197,59.2,4.5
144.293,37.541,10.0,4.5
141.652,37.671,47.0,6.2
141.969,39.093,40.9,4.5
144.606,37.68,6.7,4.6
144.061,36.769,10.0,4.8
142.041,36.067,40.0,4.6
143.713,36.766,35.0,4.8
139.86,36.21,93.2,4.6
142.167,36.096,10.0,4.5
143.77,36.765,9.0,6.1
140.793,35.487,35.0,4.8
140.897,35.427,39.8,4.6
142.078,38.368,39.5,4.6
142.093,38.395,42.0,5.0
139.638,36.022,88.9,4.6
142.307,40.138,49.9,5.3
142.251,38.368,39.5,4.5
142.031,37.204,36.6,4.6
143.491,38.072,25.8,5.0
140.433,36.773,18.8,4.6
141.356,37.064,57.6,4.7
139.956,36.095,73.8,4.8
143.177,39.867,35.0,4.8
142.843,37.463,10.0,4.6
140.842,37.153,45.0,4.7
141.059,35.001,17.5,4.6
141.132,37.056,35.0,4.8
142.221,38.421,29.9,4.8
142.325,36.703,23.6,4.6
140.893,37.034,44.0,5.8
142.436,36.815,10.0,4.5
142.039,38.363,44.4,5.2
142.326,36.059,35.0,4.7
141.179,36.23,17.3,4.7
142.376,39.098,58.9,4.5
141.27,36.167,18.2,4.8
142.134,38.812,67.9,4.6
141.879,38.724,52.7,4.6
142.642,39.948,68.1,4.6
142.385,36.521,7.5,4.9
141.404,37.438,59.0,4.6
142.297,38.727,51.2,4.6
140.869,37.136,35.0,4.5
140.293,36.749,35.1,4.7
143.67,39.355,20.4,4.6
141.823,36.338,40.0,4.9
142.405,37.751,43.2,4.8
141.178,37.151,56.1,4.5
140.99,35.245,25.5,5.3
143.973,37.499,36.3,4.7
140.836,37.126,36.6,4.8
142.312,40.131,54.2,5.0
140.876,35.714,10.0,4.6
142.738,39.723,48.5,4.6
141.289,37.148,8.9,4.5
141.844,35.538,30.9,4.6
140.197,35.75,68.9,4.9
140.191,35.792,70.4,4.7
141.131,36.843,24.9,4.6
142.083,39.837,40.0,5.7
143.533,37.578,35.0,4.5
142.011,38.685,49.4,4.7
141.672,36.736,16.8,4.7
142.23,38.799,49.8,4.6
142.826,41.795,32.4,5.5
140.98,36.72,24.9,4.5
141.928,38.642,56.0,4.5
142.32,39.007,60.4,4.6
141.98,41.023,70.3,4.6
143.578,38.027,14.7,4.6
143.52,38.016,20.6,4.7
140.955,36.942,38.0,6.3
142.256,36.073,10.0,4.8
142.73,35.53,10.0,4.6
141.137,35.734,32.7,4.5
142.442,38.343,26.1,4.5
141.946,36.741,29.6,4.9
141.871,36.689,16.9,5.4
143.368,35.069,10.0,4.5
141.34,35.363,21.3,4.8
142.561,38.918,47.8,5.2
144.473,36.562,35.0,4.6
143.236,40.344,30.9,5.6
140.995,35.762,10.0,4.6
142.746,40.097,48.9,5.0
141.904,38.436,57.7,4.6
140.787,35.775,10.0,4.6
142.37,42.133,64.6,4.9
142.604,39.02,11.5,4.9
141.712,38.511,69.3,4.8
141.013,36.203,11.5,4.5
140.988,35.24,39.0,4.5
140.933,35.273,46.0,5.6
142.12,38.604,35.0,4.8
141.876,38.571,35.0,5.1
141.03,35.211,35.0,5.0
141.39,37.73,40.0,6.3
141.993,38.855,62.4,5.1
143.377,37.924,30.0,4.5
141.531,36.303,32.7,4.5
141.712,36.705,28.9,4.8
141.815,38.898,41.0,6.3
141.357,37.641,34.3,4.6
144.831,38.199,35.0,4.5
141.904,38.298,53.0,4.7
143.547,39.804,18.1,4.8
139.255,35.167,102.4,4.6
140.96,35.579,45.9,4.6
141.124,36.027,35.0,4.6
143.729,39.32,16.5,4.6
143.466,39.632,28.9,5.1
143.848,39.576,26.4,4.5
142.115,38.514,45.8,4.5
143.771,39.829,21.4,4.6
144.545,36.244,35.0,4.8
143.248,37.985,19.6,4.8
141.575,37.386,24.4,5.2
141.984,37.44,19.1,4.7
142.226,38.303,48.7,4.6
143.46,35.251,10.0,4.6
143.569,39.507,32.0,4.8
143.475,37.203,10.0,4.5
141.952,38.938,65.9,4.7
141.116,37.07,60.8,4.7
144.48,39.117,27.4,4.5
139.85,36.128,88.7,5.5
143.537,38.073,36.8,4.6
143.499,38.125,25.0,4.9
142.486,36.718,29.3,4.5
142.357,36.732,40.3,4.5
142.442,36.687,5.8,4.6
142.45,36.687,17.8,4.7
141.136,36.934,21.5,5.0
141.655,38.589,68.3,4.9
142.301,38.381,36.0,4.6
143.399,37.813,36.5,4.5
142.45,38.918,44.2,4.5
143.527,37.813,9.6,4.5
142.464,37.343,12.6,4.7
141.015,37.348,32.0,5.1
143.188,37.885,35.0,4.9
141.947,38.323,47.1,4.9
142.0,37.584,38.4,4.6
141.884,38.811,63.2,5.0
142.494,37.014,23.8,4.6
143.339,37.99,35.0,4.6
143.547,38.113,35.0,4.8
141.104,35.221,33.1,4.9
143.507,37.928,35.0,4.8
142.377,39.12,47.4,4.5
142.539,35.414,35.0,4.6
143.554,39.276,20.1,4.8
144.441,40.053,10.0,4.6
143.619,38.005,10.0,4.6
144.848,39.01,10.0,4.5
141.859,39.349,65.5,5.2
142.144,38.404,34.5,4.5
140.842,37.154,40.9,4.6
143.931,38.08,10.0,4.8
142.272,36.731,35.0,4.7
143.5,37.874,10.1,4.5
143.417,38.005,23.4,4.6
143.52,37.826,35.0,4.6
143.47,37.858,35.0,4.5
143.201,37.962,35.0,4.5
143.501,37.865,10.0,4.5
143.381,37.852,17.5,4.8
143.409,38.038,22.1,4.8
141.296,36.219,18.1,4.7
143.291,37.911,16.4,4.8
143.329,38.07,20.1,4.8
143.381,37.901,14.0,4.5
143.556,38.014,13.2,4.6
143.568,37.882,14.0,4.7
143.574,37.983,35.0,4.7
143.62,37.553,35.0,4.8
143.264,38.034,23.0,7.0
142.588,36.293,35.0,4.5
141.848,38.98,68.8,4.5
142.102,39.87,50.6,5.0
142.195,38.37,35.0,4.8
140.869,37.125,35.0,5.5
143.68,40.246,19.0,4.8
141.881,37.617,37.0,4.9
142.141,38.045,45.4,4.9
142.481,38.115,39.7,4.6
142.288,35.792,37.8,4.8
141.607,36.261,68.3,4.5
141.618,36.372,10.0,5.7
142.778,37.437,34.4,4.6
143.608,37.238,35.0,4.6
144.252,38.314,35.0,4.7
144.695,37.354,35.0,4.5
142.495,35.366,27.2,4.9
142.323,40.205,65.6,4.7
140.405,36.993,35.0,4.6
142.679,40.123,35.0,4.7
143.393,39.058,43.4,4.9
142.602,37.919,35.0,4.7
142.268,36.665,29.8,4.5
142.418,39.121,35.0,4.6
140.615,35.631,43.3,4.5
141.128,35.525,28.7,4.6
140.991,35.801,35.0,4.7
141.83,37.643,18.9,4.6
143.401,40.378,30.0,4.8
143.14,37.794,14.5,4.8
141.342,37.382,44.1,4.5
141.419,37.355,35.0,4.9
143.996,37.916,21.4,4.7
140.461,35.598,54.8,5.0
143.294,36.732,7.5,4.7
142.431,37.063,13.8,4.7
142.592,37.228,10.1,4.6
144.787,38.401,3.9,4.6
144.649,37.912,31.6,4.5
141.612,36.598,37.5,4.7
142.372,37.2,35.0,4.6
141.99,38.21,60.9,4.9
143.805,40.53,27.2,5.2
140.819,37.116,38.7,4.7
142.714,36.43,11.5,4.8
142.131,36.815,15.8,4.5
140.988,35.862,19.2,4.7
143.469,39.309,35.0,4.8
142.508,40.638,35.0,4.7
143.273,39.879,35.0,4.5
140.163,36.048,74.8,4.7
140.331,36.986,35.0,4.5
142.359,37.066,12.8,4.7
142.068,39.758,71.8,4.7
142.553,42.049,58.1,5.5
144.438,39.037,35.0,4.7
141.019,37.056,59.8,4.5
141.166,35.96,27.8,4.6
141.439,38.479,35.0,5.3
142.418,40.038,35.0,4.7
141.132,37.217,35.0,4.7
142.205,39.955,33.0,6.7
144.26,37.704,14.5,5.1
140.705,36.417,59.8,4.6
142.777,40.046,42.7,5.7
141.093,35.517,35.7,4.6
142.05,36.241,20.9,4.5
141.715,36.232,27.4,4.9
140.449,35.304,38.9,4.6
141.314,35.623,15.0,5.4
146.327,39.148,35.0,4.7
142.275,36.197,7.1,4.6
140.721,35.428,55.5,4.7
141.015,35.355,35.0,4.6
141.313,36.995,49.1,4.6
140.987,36.881,37.1,4.7
144.359,37.82,10.0,4.5
140.872,35.425,35.0,4.8
141.385,36.676,35.0,4.9
141.191,37.039,36.7,4.5
141.664,37.664,20.0,5.7
142.001,36.153,27.0,4.7
140.456,37.118,42.6,4.6
144.1,37.514,35.0,4.9
143.69,37.759,6.9,4.5
141.281,35.421,35.0,4.5
141.019,35.282,37.9,4.9
143.199,39.795,19.3,5.0
143.624,37.841,35.0,4.8
143.659,37.663,35.0,4.6
140.548,36.735,39.3,4.6
142.291,38.305,45.5,4.7
143.785,37.688,10.0,4.5
143.735,37.646,35.0,4.5
142.444,39.467,46.3,4.7
143.752,37.83,24.9,4.5
142.392,39.483,20.5,5.4
143.512,37.727,14.0,5.7
141.955,36.694,32.1,4.9
144.056,37.477,10.0,4.7
143.277,38.613,12.4,4.7
142.161,36.693,19.3,4.5
143.02,39.91,17.9,5.1
143.404,39.663,27.6,4.5
143.435,39.9,23.4,4.7
141.576,36.181,5.2,4.9
140.995,36.411,45.5,4.9
140.607,35.745,20.9,4.7
142.34,36.614,21.0,4.7
141.33,37.091,21.2,4.5
143.394,39.657,35.0,4.8
144.633,37.99,35.0,4.7
142.712,37.566,35.7,4.6
140.584,36.993,35.0,4.6
140.978,35.943,12.2,4.5
141.158,35.325,35.6,4.7
143.31,39.522,31.2,4.5
142.156,38.315,31.5,5.0
142.136,36.699,22.8,4.8
143.84,36.659,10.0,4.5
141.774,38.671,51.7,4.7
140.864,36.331,11.2,4.6
141.606,36.203,12.9,4.8
142.299,40.203,53.6,4.8
141.58,37.89,58.4,4.7
140.774,36.478,15.7,5.4
142.147,37.263,35.0,5.0
144.15,38.334,10.0,4.5
142.318,39.031,46.7,5.0
144.29,38.55,35.0,4.6
142.56,41.413,57.7,4.6
141.689,37.397,39.6,4.6
142.842,38.065,37.0,4.5
143.474,40.205,26.0,4.5
142.047,36.942,37.8,4.7
143.39,38.501,35.0,4.5
141.516,37.82,58.8,4.9
143.597,37.548,37.1,4.9
142.419,36.359,10.0,4.8
142.166,38.312,50.1,4.6
142.997,39.905,42.1,4.8
143.591,36.569,35.0,4.7
143.583,39.849,25.2,4.6
141.225,35.771,43.8,4.8
141.362,35.23,35.0,4.7
142.342,35.24,10.0,4.6
144.067,37.12,10.0,4.6
141.079,38.413,80.4,4.7
141.446,37.195,32.6,4.5
140.912,37.067,17.0,5.5
144.133,37.57,5.0,4.5
140.155,35.909,56.5,4.8
143.907,37.285,14.0,6.1
142.757,37.454,18.7,4.9
140.473,36.843,45.2,4.6
138.721,36.892,24.8,4.7
142.101,36.007,35.0,4.7
142.239,39.753,61.2,4.7
142.226,41.81,62.5,4.7
140.56,35.333,24.1,4.5
143.418,40.278,24.4,4.7
141.889,36.815,39.6,4.6
143.566,39.737,36.3,5.2
142.001,38.628,61.1,4.7
143.34,39.817,26.0,4.7
146.463,36.626,10.0,4.8
143.406,35.175,10.0,4.8
143.221,40.251,38.8,5.0
141.791,39.409,64.9,5.4
141.158,37.504,35.0,4.7
140.867,36.433,45.4,4.6
143.205,40.29,39.4,5.1
144.069,37.6,13.5,4.5
140.756,36.466,42.5,4.9
143.881,36.256,35.0,4.8
142.69,36.507,18.8,4.8
142.67,36.63,24.5,4.8
143.329,39.656,36.7,4.7
143.441,39.563,12.8,4.5
141.745,38.316,72.5,4.6
143.927,37.533,20.0,4.7
141.454,40.241,38.5,4.8
143.586,37.423,35.0,5.0
144.155,37.632,35.0,4.6
142.021,36.287,35.0,5.0
142.141,36.305,23.8,4.7
144.174,37.675,5.1,4.8
144.227,37.647,10.0,4.5
140.526,36.485,59.4,4.7
141.002,35.686,9.2,4.5
144.031,38.665,26.7,4.7
141.999,39.822,67.5,4.8
141.176,36.43,35.0,4.6
140.577,39.594,51.2,4.7
144.332,40.113,35.0,4.6
140.874,37.043,38.2,4.7
141.39,36.526,26.5,4.6
142.324,39.03,58.3,4.6
140.372,36.789,42.2,4.8
142.113,39.632,67.7,4.5
143.385,39.626,18.5,4.8
142.519,39.76,63.3,4.6
139.931,35.872,76.9,4.6
141.594,37.4,38.2,4.5
140.844,37.043,26.9,4.9
142.057,36.42,35.0,4.7
142.642,36.401,35.0,4.6
144.591,36.897,35.0,4.6
143.673,37.583,6.7,4.8
140.942,36.377,35.0,5.0
141.108,36.771,35.0,4.7
143.035,42.336,60.5,4.6
142.052,40.101,31.1,4.6
143.247,39.709,16.0,5.8
142.03,40.208,20.2,4.7
142.485,38.12,36.9,4.7
144.055,37.092,10.0,4.5
141.862,38.221,52.2,4.6
143.665,37.712,24.6,4.9
141.588,37.588,56.7,4.9
143.63,37.549,10.0,4.5
143.488,37.601,28.6,5.6
141.945,37.662,23.4,4.7
142.831,39.209,35.0,5.0
142.954,39.147,35.0,4.7
142.237,39.807,52.7,4.5
142.43,37.004,13.8,4.7
140.492,35.597,37.0,5.6
141.214,36.319,46.1,4.5
142.214,38.779,35.0,4.6
141.443,37.195,35.0,4.6
140.374,35.921,62.9,4.8
142.376,39.106,35.0,4.6
142.076,38.101,35.1,4.5
141.808,35.967,23.0,4.8
144.119,36.956,35.0,4.5
139.933,35.908,81.0,4.7
141.414,37.44,43.4,5.1
140.843,35.761,29.0,5.8
142.236,37.827,45.7,4.7
142.674,37.121,40.5,5.3
141.657,38.346,60.5,4.8
142.095,37.785,10.6,4.8
144.328,39.662,34.1,4.8
143.527,39.476,35.0,4.6
140.674,36.926,37.5,4.5
141.07,36.617,35.0,4.5
141.471,37.226,35.0,4.6
144.267,37.891,35.0,4.5
142.98,36.559,25.7,4.8
144.581,37.395,35.0,4.6
140.749,36.797,38.1,4.5
143.91,37.921,10.5,4.6
144.047,38.66,10.0,4.5
142.167,39.468,55.7,4.6
142.145,41.618,70.0,4.5
141.76,38.202,53.7,4.5
142.408,37.109,16.8,4.8
141.146,37.425,46.8,4.8
143.692,37.065,10.0,4.5
142.656,37.382,35.0,4.7
143.583,37.087,10.0,4.5
140.545,35.739,64.5,4.7
141.804,38.661,55.9,4.9
142.832,37.716,31.9,4.8
141.165,35.534,36.0,4.6
142.612,39.853,46.2,4.8
142.612,37.244,56.8,5.1
142.33,37.059,31.3,5.1
142.243,36.795,21.0,4.7
141.396,37.666,60.2,5.0
141.145,37.44,35.0,4.6
142.704,37.073,2.3,4.7
141.329,35.076,24.5,4.5
141.696,37.261,40.3,4.5
141.691,37.324,44.8,4.6
141.341,37.396,35.0,6.1
140.988,35.929,7.0,4.8
141.989,37.027,23.4,4.6
140.461,36.807,35.0,4.5
143.618,37.705,10.0,4.6
141.396,35.17,35.0,4.5
140.135,35.576,59.9,4.6
142.024,39.664,62.7,4.7
141.005,36.35,49.5,4.6
143.339,39.696,34.1,4.7
143.709,37.293,13.7,4.8
144.697,42.208,40.0,4.5
138.852,36.103,131.6,4.7
141.727,38.513,59.6,4.8
140.504,35.608,67.7,4.8
142.267,36.1,10.0,5.2
143.741,37.311,2.5,4.7
142.586,36.287,10.1,4.8
142.79,37.921,39.5,4.5
143.56,37.81,14.6,5.2
144.71,38.433,27.4,4.6
141.063,35.583,10.0,4.6
141.947,38.912,67.7,4.6
140.946,35.725,16.7,4.7
141.869,38.302,63.5,4.7
140.825,35.593,13.8,4.6
142.024,36.72,35.0,4.7
143.57,37.93,10.0,4.6
141.876,36.111,23.9,5.0
141.942,36.117,35.0,4.7
141.608,36.235,41.4,5.1
143.612,37.793,10.0,4.6
142.138,38.187,58.7,5.0
143.561,37.797,25.1,5.2
141.194,35.08,35.0,4.7
143.706,37.261,35.0,5.1
141.837,35.618,18.6,4.7
142.773,36.218,10.0,4.5
141.096,36.138,35.0,4.7
140.37,36.745,48.0,4.6
143.646,37.664,19.4,4.6
143.646,37.802,35.0,4.5
143.536,37.739,11.0,5.6
140.98,36.266,35.0,4.5
140.994,36.529,35.0,4.5
143.1,39.775,45.9,4.6
142.49,38.543,41.5,4.8
141.435,37.646,63.8,4.8
143.256,38.585,40.1,4.5
144.22,38.131,18.8,4.7
140.979,37.063,54.8,4.5
142.623,37.387,11.4,4.8
141.781,39.608,82.7,4.6
140.65,37.115,50.3,4.6
142.243,40.239,35.0,5.7
141.692,36.134,40.1,4.6
143.738,37.312,35.0,4.5
144.097,38.153,35.0,4.6
141.115,36.605,35.0,4.7
139.766,37.691,45.3,4.8
144.204,38.062,11.6,4.8
142.081,39.094,59.4,4.8
144.002,38.028,9.6,4.5
142.555,37.257,10.1,4.7
141.828,36.547,36.8,4.8
142.778,37.62,16.9,4.7
142.163,36.691,38.8,4.7
141.988,35.588,29.9,5.2
142.663,37.938,28.7,4.7
140.754,37.072,14.8,5.2
144.125,38.267,35.0,4.6
141.448,37.425,29.9,5.0
144.074,38.246,20.5,4.7
144.032,38.17,11.0,6.0
140.575,36.785,24.6,4.7
140.826,35.639,37.0,4.6
143.665,37.368,10.0,4.7
142.413,37.077,23.8,4.6
142.656,37.061,16.6,4.5
141.942,37.831,45.9,4.5
143.075,35.392,12.8,4.5
143.326,36.859,35.0,4.5
142.004,38.879,62.5,4.7
141.192,36.257,35.0,4.7
143.246,37.044,35.0,5.4
141.269,40.786,35.0,5.0
144.449,38.002,35.0,4.6
144.606,37.163,37.1,4.5
142.382,37.185,11.8,4.5
140.417,36.967,49.6,4.5
141.902,38.85,59.7,4.7
141.411,37.481,69.7,4.5
141.405,35.671,37.1,4.5
142.564,40.102,32.3,5.1
141.267,37.226,36.9,4.5
141.596,35.942,4.4,4.7
143.697,37.609,10.0,4.5
143.572,37.579,35.0,4.6
142.063,38.327,51.6,4.8
141.878,38.635,62.6,4.7
143.365,39.625,34.7,4.7
143.595,37.493,35.0,4.5
141.562,37.622,65.0,4.7
143.356,39.39,40.6,4.6
143.716,37.627,1.1,4.6
140.677,35.835,59.8,4.8
141.023,35.857,34.7,4.6
142.163,36.896,28.4,4.5
141.117,37.447,36.6,4.6
143.657,37.542,15.3,4.7
140.768,35.8,27.6,4.7
143.552,39.818,18.1,4.5
140.796,36.322,27.2,4.9
143.78,37.33,35.0,4.5
141.585,35.146,22.9,5.0
141.251,36.823,19.5,4.8
142.598,37.081,10.0,4.6
143.582,37.45,35.0,4.6
141.057,36.751,44.1,4.8
141.2,37.387,40.2,4.7
141.067,36.785,38.8,5.1
142.13,39.652,69.2,4.6
141.916,38.859,59.2,5.2
142.359,37.538,24.0,4.8
142.554,39.55,62.1,4.6
140.881,35.273,20.9,4.9
143.335,36.412,19.9,4.7
141.88,39.325,60.2,4.9
142.446,37.489,32.0,4.8
142.151,36.747,24.4,4.5
142.631,37.825,38.0,4.6
142.385,39.087,57.1,4.6
142.715,37.151,10.0,4.5
141.653,37.455,38.0,5.5
141.933,36.395,12.4,4.5
142.717,35.267,23.0,4.5
141.745,38.608,62.1,4.8
142.568,36.719,15.5,5.0
141.651,38.151,66.2,5.0
142.552,36.798,9.9,5.0
142.353,39.953,35.0,4.7
143.409,36.379,10.0,4.6
143.254,36.352,35.8,4.8
143.268,36.452,35.1,4.8
144.731,39.767,2.3,4.6
141.77,38.393,68.0,4.6
144.067,37.527,35.0,4.5
139.778,36.085,40.2,5.0
141.191,37.301,36.6,4.9
142.469,42.046,68.4,4.8
141.109,36.226,44.2,4.6
141.854,38.314,79.3,4.7
142.167,36.846,22.0,5.1
143.828,37.397,19.3,4.9
140.887,36.217,33.6,5.1
141.656,36.736,39.2,4.6
140.931,35.196,41.1,5.0
143.615,40.302,41.1,4.6
143.495,38.23,18.7,4.9
141.694,38.025,61.7,4.6
140.516,37.084,43.1,4.9
141.922,38.682,59.4,4.7
141.364,35.151,16.1,4.6
144.209,37.108,32.9,4.7
141.206,37.26,36.8,4.5
143.931,36.864,5.6,4.9
140.416,36.521,69.8,4.5
142.089,36.719,21.8,4.5
141.664,35.892,22.9,4.6
142.87,39.097,31.0,5.9
142.284,39.047,52.3,4.8
143.682,40.281,35.0,4.5
144.124,37.083,37.8,5.0
140.988,37.226,23.5,5.2
144.656,38.49,24.4,4.7
141.896,37.28,12.5,4.6
141.763,38.503,41.0,4.7
141.555,36.573,33.7,4.6
143.743,40.388,8.3,4.6
141.219,37.553,55.6,5.6
140.704,35.554,41.6,4.7
140.628,35.631,44.1,4.8
140.696,35.712,35.0,5.1
140.305,35.579,43.0,6.2
142.093,38.327,40.2,5.0
143.03,38.789,34.5,4.5
142.247,37.265,24.2,5.0
143.628,40.306,11.0,5.8
143.781,40.242,38.9,4.7
143.549,40.341,10.0,5.7
142.004,36.188,17.5,4.5
140.001,35.917,76.2,4.6
141.654,38.213,63.8,4.7
140.901,36.599,53.9,4.5
141.676,36.28,38.1,4.7
142.472,36.443,35.0,4.5
143.116,39.867,34.0,4.6
140.458,37.054,37.3,4.8
140.931,36.319,28.7,4.6
144.404,37.191,24.6,4.7
141.129,37.101,62.2,4.6
140.959,35.431,12.5,4.5
140.843,36.898,2.0,4.6
139.625,36.161,64.2,4.9
142.077,40.077,68.8,4.5
140.446,37.073,39.2,4.6
143.491,37.186,14.5,5.0
141.399,36.638,21.6,4.8
141.494,36.102,49.4,4.6
140.251,39.668,36.7,4.6
142.737,39.541,43.1,4.8
141.487,36.291,28.8,4.7
142.089,41.471,73.5,4.5
140.478,40.32,74.7,5.0
141.948,38.547,35.0,4.6
143.603,37.146,10.0,4.6
140.501,37.172,43.1,4.5
141.202,36.54,35.0,4.5
140.07,35.696,66.8,4.7
142.605,38.012,23.5,4.6
141.512,37.405,46.5,4.5
141.607,36.609,22.5,4.7
141.131,37.02,20.9,4.9
140.921,37.077,19.1,4.6
140.611,37.092,24.4,4.7
141.286,37.435,59.5,4.6
140.365,35.733,39.4,4.6
144.059,38.16,10.0,4.7
140.37,35.769,22.0,4.5
143.537,39.861,32.5,4.7
143.611,39.406,35.5,4.5
143.488,40.016,20.7,4.5
142.38,40.31,23.5,4.6
142.217,38.607,36.2,4.7
143.817,37.619,17.4,4.6
141.509,38.849,45.2,4.6
143.917,36.878,15.1,5.5
140.891,36.129,61.7,4.8
140.846,37.091,25.4,4.7
138.552,36.975,17.0,4.7
141.963,38.266,60.8,4.5
141.482,37.671,59.3,4.6
139.653,36.378,77.0,5.8
144.328,37.221,28.9,4.9
142.41,37.211,27.6,5.0
142.518,40.208,46.2,4.6
142.292,39.109,10.0,4.9
144.67,38.669,35.0,4.8
141.222,37.474,35.0,4.6
142.549,36.448,30.5,4.8
140.933,37.291,94.2,4.8
142.533,38.916,40.8,4.8
144.473,38.609,35.0,4.5
144.42,38.627,19.9,4.5
140.856,37.062,25.4,4.5
140.634,36.768,35.0,4.6
143.311,39.699,21.5,4.8
141.718,36.57,35.9,4.6
141.881,35.56,10.0,5.7
141.58,36.686,36.2,5.1
143.013,39.665,35.6,4.8
142.184,36.069,12.7,4.6
140.602,36.985,10.0,5.1
142.868,40.013,37.6,4.7
142.217,38.288,24.0,4.5
140.372,36.797,25.0,5.0
142.632,36.487,35.0,4.7
140.488,36.956,39.1,4.5
143.2,39.515,18.5,4.8
143.351,39.482,20.3,4.7
143.191,39.619,18.5,5.5
143.428,39.556,35.8,4.7
143.365,39.497,6.9,5.0
143.414,39.568,14.7,5.0
143.34,39.583,22.0,6.0
144.099,37.95,35.0,4.8
141.291,37.085,35.0,4.5
143.101,38.055,31.1,4.6
143.091,39.892,35.0,4.5
142.502,39.059,35.0,4.5
142.348,37.043,35.0,4.7
141.074,35.933,42.5,4.5
140.418,36.953,32.0,5.3
142.235,37.363,37.0,4.6
141.797,38.264,69.9,4.7
140.678,35.376,19.0,5.1
141.761,36.341,22.6,4.9
141.895,39.368,45.0,5.6
140.46,36.979,43.4,4.6
143.105,37.494,24.7,4.5
142.494,37.023,41.7,4.5
140.659,37.119,52.2,4.5
140.429,37.075,40.8,4.8
140.674,37.09,58.6,4.5
141.397,36.717,63.3,4.6
138.326,36.757,17.4,4.7
140.646,37.061,35.0,4.7
140.368,37.107,11.0,5.9
140.403,36.979,10.0,4.6
141.368,37.29,56.2,4.6
140.921,35.305,35.0,4.5
143.656,39.959,35.9,4.7
140.484,37.0,7.6,4.5
140.517,37.0,46.6,4.8
138.481,36.577,35.0,4.5
140.575,35.417,15.0,6.2
141.858,38.606,66.4,4.7
138.488,36.722,35.0,4.7
138.284,36.809,17.1,5.5
140.402,36.976,53.9,4.5
141.858,38.775,33.5,4.7
141.809,38.382,72.4,4.7
140.575,36.985,36.9,4.5
143.053,35.195,35.0,4.6
144.47,37.643,12.0,5.4
143.931,37.022,46.5,4.5
140.479,36.998,47.5,4.5
140.383,37.061,46.1,4.9
140.713,36.973,47.0,4.5
140.264,36.9,40.7,4.7
142.547,37.619,34.9,4.5
142.405,38.141,18.5,4.5
140.488,37.073,42.3,4.8
140.566,36.962,35.0,4.6
140.356,36.98,10.0,5.5
140.53,37.083,35.6,4.7
140.636,36.939,35.0,4.5
140.677,37.036,51.2,4.5
140.584,37.041,35.0,4.7
140.606,36.932,36.3,4.7
140.623,37.043,26.5,4.8
140.422,36.951,37.0,4.8
140.468,37.0,36.7,4.7
142.546,37.743,35.0,4.7
140.503,36.888,35.0,4.7
140.452,37.033,48.4,4.9
140.595,37.079,50.2,4.7
140.369,37.03,38.1,5.0
140.666,36.755,35.0,4.5
140.435,37.147,40.5,4.7
140.775,36.898,33.6,4.5
140.442,37.015,52.6,4.7
140.353,37.061,48.9,5.2
140.812,37.791,10.0,5.8
140.401,37.001,11.0,6.6
141.216,37.503,40.5,4.9
140.987,36.774,35.0,5.1
142.869,35.378,39.8,4.5
142.342,39.787,59.5,4.7
142.288,37.186,15.9,4.6
141.493,37.207,45.9,4.5
141.074,36.417,43.1,4.5
141.823,38.288,63.1,4.5
141.837,38.344,66.8,4.6
141.869,36.617,43.7,4.7
140.632,37.112,35.0,4.7
143.43,36.934,21.2,4.7
141.165,36.262,33.9,4.5
140.633,36.709,72.2,4.6
141.516,35.761,46.6,4.8
140.043,35.655,67.6,4.9
146.52,38.366,10.0,4.5
143.568,37.701,28.3,4.6
142.923,38.239,60.8,4.7
141.771,36.231,43.1,4.5
141.701,38.28,65.3,5.3
141.138,36.66,20.2,4.5
142.652,38.918,39.2,4.6
141.81,38.621,35.0,4.6
143.297,39.756,34.5,4.7
143.168,39.896,29.3,4.7
142.049,36.75,18.7,5.1
143.204,36.642,37.5,4.8
143.868,38.386,24.2,4.7
141.625,37.22,30.2,4.7
140.07,36.118,58.6,4.6
142.249,37.909,35.0,4.5
143.962,37.881,10.0,4.6
143.922,37.939,10.0,4.6
144.346,36.975,10.0,4.6
143.971,37.932,10.0,4.6
143.629,37.821,35.0,4.7
143.525,37.127,22.1,4.6
141.028,36.788,40.1,4.9
141.914,38.288,40.3,4.5
142.135,36.678,42.7,4.7
140.965,35.486,28.2,4.6
142.893,39.142,40.9,5.1
142.901,36.597,6.5,4.6
141.544,36.568,35.0,4.6
144.32,37.53,35.0,4.6
142.043,36.703,42.1,4.7
142.254,38.216,69.9,4.6
141.841,38.207,74.5,4.5
141.753,37.295,35.0,4.5
142.374,38.07,72.5,4.7
141.737,38.119,74.3,4.6
141.829,38.181,82.7,4.7
141.588,38.276,42.0,7.1
141.084,36.56,35.0,4.5
144.281,38.607,23.7,4.8
142.377,39.084,35.0,4.6
140.61,35.608,35.0,4.8
144.012,38.219,24.1,4.6
141.857,37.661,38.5,4.5
142.437,37.992,27.6,4.6
140.705,36.593,53.2,4.9
144.435,42.21,38.0,4.5
141.881,35.607,35.0,4.5
141.479,37.295,35.0,4.7
143.362,36.417,35.0,4.6
143.523,39.319,35.0,4.9
143.768,37.378,35.0,4.6
142.163,38.323,45.3,4.8
144.175,38.167,35.0,4.6
141.425,37.654,59.6,5.3
140.364,36.738,36.0,4.9
142.771,39.647,47.1,4.5
142.363,37.341,39.8,4.9
142.166,38.347,45.8,4.6
144.548,37.359,10.0,4.8
142.071,36.714,42.0,4.7
144.57,37.651,16.1,4.7
141.911,36.385,45.0,4.5
144.77,38.838,35.0,4.5
144.432,37.715,10.0,4.5
144.395,37.81,35.0,4.7
143.551,37.983,35.0,4.6
142.104,38.372,16.3,5.0
140.895,36.199,46.7,4.7
142.927,35.443,15.3,4.8
142.186,39.762,64.2,4.7
144.537,37.747,40.0,4.5
142.443,36.612,35.0,4.5
142.217,39.283,74.2,4.6
140.695,36.176,18.0,4.7
142.18,38.377,40.6,4.6
140.413,36.76,37.9,4.5
142.402,38.894,51.6,4.7
142.037,39.71,74.1,4.8
144.755,38.237,14.0,4.5
141.872,38.251,47.7,4.7
140.69,36.815,8.8,4.7
140.9,36.284,27.6,4.6
144.116,37.737,13.9,4.6
141.31,36.011,54.9,4.5
141.601,37.528,61.3,4.6
143.331,36.6,29.6,4.9
142.75,39.236,40.1,4.9
142.046,37.049,35.0,5.1
142.473,37.828,36.6,5.0
142.403,37.817,35.0,5.1
142.164,38.303,45.8,4.7
143.392,39.079,35.1,4.6
144.214,37.046,10.0,4.7
140.642,36.866,11.2,4.5
141.112,35.286,14.9,4.5
143.046,37.254,42.2,4.6
143.119,39.545,27.7,4.5
144.58,37.473,35.9,4.7
142.316,36.687,8.9,4.7
143.635,38.172,9.0,4.7
142.162,37.805,50.9,5.0
142.095,37.881,48.7,4.9
142.142,36.762,35.8,5.1
142.407,37.148,11.6,4.8
141.298,37.276,59.0,4.9
142.937,35.451,22.7,4.8
143.933,36.94,10.0,4.5
142.084,38.363,35.0,4.7
141.644,37.667,35.0,4.5
141.728,35.851,37.6,4.6
141.451,37.635,59.3,5.2
143.082,35.399,10.0,4.5
143.083,35.385,14.2,4.7
142.081,36.776,11.6,4.9
143.981,39.719,30.7,4.6
140.846,36.819,39.2,4.6
143.571,37.386,35.0,4.6
143.354,37.917,35.0,4.8
143.066,39.136,34.6,4.7
140.703,37.089,14.2,4.8
141.667,36.229,35.0,4.6
144.252,37.049,35.0,4.6
140.451,36.83,35.0,4.6
144.191,37.12,37.3,4.7
140.443,36.958,35.0,4.5
139.766,36.205,68.8,4.8
143.788,40.691,33.3,4.6
142.25,39.123,60.9,4.7
141.041,36.397,43.3,4.7
143.403,36.068,10.9,4.5
143.399,36.055,14.2,4.5
141.924,38.744,31.6,5.2
142.947,35.413,35.0,4.5
141.847,38.874,60.8,4.8
142.266,38.299,45.2,4.5
143.209,40.282,20.5,5.5
142.392,36.906,35.0,4.5
141.501,36.234,30.8,5.3
140.696,35.723,60.0,4.6
142.356,38.4,10.0,4.6
141.825,36.723,24.3,5.1
141.95,39.323,41.0,5.9
140.208,40.304,40.4,5.0
143.408,36.967,22.7,4.8
143.458,36.972,10.0,4.8
142.199,38.411,35.0,4.5
142.256,38.409,19.2,4.6
143.342,37.621,33.2,4.9
143.358,37.834,35.0,4.8
141.895,38.224,55.5,4.5
144.252,37.683,35.0,4.5
142.027,37.405,35.0,4.6
143.273,40.096,59.8,4.6
142.273,37.699,29.5,5.1
144.014,36.85,21.9,4.7
141.182,36.931,52.8,4.5
142.391,38.079,38.5,4.6
142.574,38.508,39.2,4.6
142.29,38.314,35.0,4.5
144.341,39.768,35.0,4.5
142.127,38.454,43.7,4.5
143.29,40.392,33.0,4.8
141.821,38.922,42.0,6.0
142.235,36.855,31.6,4.5
142.93,39.248,50.4,4.7
143.445,36.094,23.4,4.5
141.701,36.782,40.7,4.7
144.024,37.174,17.9,4.9
141.999,38.21,35.8,4.6
141.823,37.714,39.7,4.6
142.494,38.988,10.0,4.7
142.449,36.193,35.0,4.6
143.466,35.685,25.6,4.8
142.361,36.076,35.0,4.6
141.06,35.918,32.8,4.5
143.505,37.714,13.9,4.6
144.342,37.222,35.0,4.5
142.09,37.683,35.0,4.5
141.122,35.386,20.9,4.8
141.603,37.245,48.5,4.6
141.053,35.734,34.9,4.7
141.206,35.784,32.4,4.6
140.751,36.686,60.0,5.1
144.167,37.564,10.0,4.5
141.978,38.671,47.8,5.2
141.013,35.396,12.0,5.1
141.09,35.965,35.0,4.5
142.224,38.312,56.6,4.6
141.303,37.396,73.4,4.6
142.326,36.091,34.6,4.7
142.464,36.143,11.0,5.7
143.564,37.94,15.5,4.9
142.586,37.699,12.0,4.9
141.439,36.028,40.7,4.6
142.546,37.287,38.3,4.8
144.693,37.997,18.4,4.6
142.817,36.934,25.4,4.5
142.79,40.001,42.1,4.7
142.609,37.724,38.4,4.6
142.5,37.235,42.0,4.5
141.906,36.679,17.8,4.6
144.068,37.2,10.0,4.7
142.406,37.996,35.0,4.7
143.455,39.591,25.3,5.5
142.871,38.271,16.4,4.5
142.697,38.354,43.7,4.6
142.572,37.155,45.8,4.7
142.565,37.301,35.0,4.5
140.747,36.503,55.3,4.6
142.589,37.384,35.0,4.6
142.29,37.401,15.0,6.1
144.598,38.306,10.0,4.6
141.222,37.496,46.9,4.8
143.395,39.936,36.1,4.7
141.975,39.3,72.8,4.9
142.432,36.944,33.3,4.5
143.655,37.826,35.0,4.6
143.276,36.75,24.7,4.5
144.109,38.157,8.8,4.5
144.752,37.984,13.5,4.5
142.774,39.593,35.0,4.5
142.308,39.224,67.5,4.6
143.065,38.714,26.5,4.7
144.81,38.551,12.9,4.7
143.722,38.178,35.0,4.5
142.091,37.962,56.9,4.5
142.899,38.799,34.0,5.2
143.465,35.567,10.0,4.6
141.812,36.263,35.0,4.5
142.422,38.797,35.0,4.5
144.723,38.109,10.0,4.9
141.73,36.357,39.3,5.2
141.919,36.237,45.8,4.6
142.43,39.38,56.4,4.6
141.916,38.576,66.3,4.7
142.185,38.313,38.3,4.9
142.011,38.415,19.0,6.2
140.912,36.598,57.3,4.8
142.373,39.478,58.0,4.6
142.311,36.601,35.0,4.5
143.804,37.159,8.2,4.5
141.746,37.682,28.4,4.8
144.049,37.108,7.1,4.8
144.679,38.038,9.2,4.7
142.361,38.95,35.0,5.3
143.01,39.332,32.3,4.7
143.128,39.895,38.7,4.5
141.402,37.336,51.8,4.8
141.011,35.243,41.1,4.9
143.35,37.756,35.1,4.8
143.361,37.757,24.3,4.7
144.268,38.115,22.3,4.6
144.066,37.117,35.0,4.5
141.854,39.927,72.1,5.0
142.939,36.721,35.0,4.5
142.257,40.183,37.5,5.0
144.528,36.844,18.0,4.7
140.85,37.184,37.0,4.5
142.008,36.162,39.7,4.6
141.642,36.726,44.0,4.7
143.941,36.707,11.2,4.5
142.436,36.299,68.7,4.5
143.437,37.59,44.2,4.9
140.955,35.665,51.0,4.7
142.366,37.314,35.0,4.6
142.321,37.658,44.0,4.7
142.407,37.687,48.2,4.7
141.03,36.356,16.8,4.7
142.937,39.082,40.6,4.7
140.421,36.737,46.0,4.5
143.112,37.064,35.0,4.7
143.294,36.959,21.3,5.1
142.654,37.484,30.7,4.7
141.431,36.251,31.3,4.8
141.768,37.528,36.8,4.5
141.726,37.562,35.6,4.7
141.74,38.583,58.9,5.3
142.946,36.274,35.0,4.5
143.344,36.936,21.9,4.9
142.502,37.309,42.0,4.7
140.183,36.613,64.6,4.6
140.801,36.445,48.3,4.6
143.454,36.913,23.0,4.6
141.055,36.363,36.4,4.8
143.603,36.747,10.0,4.8
142.444,37.296,35.7,4.7
142.846,37.67,17.1,4.6
144.076,37.883,22.4,4.5
143.962,37.968,6.1,4.8
143.034,37.704,26.6,4.5
144.496,36.757,32.4,4.5
142.658,36.329,10.0,4.7
142.148,38.454,51.3,4.5
144.407,38.19,35.0,4.5
142.167,36.219,20.8,4.6
142.447,37.108,35.0,4.6
141.183,36.626,48.9,4.7
143.114,39.692,35.0,4.6
142.603,36.24,18.2,4.9
141.815,37.503,35.0,4.5
143.837,37.71,25.7,5.1
141.88,38.772,39.0,6.2
143.882,37.741,10.0,5.3
142.536,36.296,22.5,4.9
144.155,38.211,17.4,4.7
143.374,38.556,13.6,4.8
140.793,36.958,49.8,4.6
143.1,36.35,50.2,4.6
142.613,36.197,23.9,4.8
143.92,37.5,7.0,4.7
143.064,37.916,17.8,4.8
143.617,38.006,27.7,4.8
143.38,37.651,38.3,4.8
142.594,36.254,38.8,4.9
143.806,36.957,2.3,4.6
142.101,38.746,36.8,4.9
143.787,37.949,35.0,4.6
143.695,37.994,35.0,4.5
143.622,38.005,20.4,5.0
143.743,37.966,16.1,4.6
143.592,37.992,24.0,5.4
143.986,37.073,35.0,4.5
142.551,36.094,35.0,4.6
141.151,36.885,39.8,4.5
140.854,36.227,24.2,4.5
142.625,36.177,35.0,4.6
143.646,36.802,35.0,4.7
140.585,36.718,41.1,4.9
144.201,37.248,35.0,4.7
144.093,36.436,35.0,4.8
142.718,37.598,35.0,4.7
142.25,36.976,35.0,4.7
144.027,37.856,21.7,4.7
144.318,39.14,16.9,4.8
144.303,39.213,10.0,4.6
142.386,38.395,35.0,4.7
143.317,38.657,31.1,4.8
144.672,37.609,10.0,4.6
142.084,39.079,27.0,5.8
141.693,36.145,38.2,5.0
143.701,40.279,28.6,4.7
140.4,36.807,38.4,4.6
142.302,38.746,48.7,4.8
144.432,38.224,23.9,4.5
143.783,37.336,5.8,4.8
143.797,37.367,20.4,4.9
142.812,38.608,41.6,5.1
142.296,38.312,34.9,4.6
142.633,39.479,35.0,4.6
139.884,36.165,69.6,4.9
142.917,36.326,20.4,4.8
141.791,36.585,48.8,4.7
142.284,38.295,41.0,4.6
141.15,35.923,21.4,5.1
140.803,36.212,45.6,4.9
143.444,39.702,23.8,4.7
143.389,39.734,20.5,4.8
143.515,38.296,35.0,4.5
143.385,36.019,35.0,4.6
141.774,37.705,16.1,4.7
143.866,39.391,13.3,4.5
143.485,39.429,11.4,4.8
141.183,35.203,22.6,4.5
143.529,39.757,25.7,4.8
143.466,36.306,18.8,4.6
141.948,37.56,9.2,4.8
142.848,37.332,35.0,4.8
141.855,35.726,53.2,4.5
144.369,37.715,28.0,4.5
142.806,37.651,34.5,5.0
140.966,35.161,35.0,4.7
141.464,36.665,35.0,5.1
140.634,37.163,49.7,4.8
143.526,39.568,35.3,4.6
143.265,39.623,27.2,5.2
143.714,36.664,27.0,4.5
143.747,37.224,10.0,4.8
141.05,35.121,53.4,4.6
141.031,36.2,39.5,4.6
140.96,35.159,44.5,4.7
142.318,39.738,65.6,4.8
144.253,37.941,10.0,4.9
142.74,37.645,30.0,4.5
142.483,36.248,35.0,4.6
142.254,39.206,40.7,5.0
140.933,35.239,35.0,5.0
140.606,37.055,34.8,5.0
142.311,36.944,38.0,4.9
140.555,37.101,16.4,5.2
140.58,37.111,37.5,5.5
142.636,38.009,35.0,4.6
140.679,37.014,40.7,5.5
140.638,37.065,18.0,5.5
142.462,40.272,31.3,4.7
142.189,35.827,35.0,4.7
142.817,38.023,20.8,4.5
140.921,35.182,10.0,4.5
143.263,36.237,50.9,4.5
143.418,39.669,39.7,4.6
143.846,40.137,46.1,4.7
141.467,36.226,9.2,4.9
141.737,35.596,30.2,4.9
141.597,37.662,55.9,4.5
140.974,35.294,35.0,4.6
141.083,35.212,37.8,4.5
141.039,35.264,28.1,4.5
140.86,35.3,35.0,4.9
141.019,35.269,38.5,4.6
141.637,35.681,31.4,5.3
141.601,35.749,45.7,5.1
142.294,39.203,50.1,4.9
142.315,39.2,28.5,5.1
141.753,35.708,35.0,4.7
141.799,38.334,55.0,4.9
141.567,35.787,19.0,5.6
144.739,38.479,35.0,4.5
142.583,38.09,42.0,4.5
141.669,37.439,49.5,4.6
141.549,35.795,20.0,5.9
143.711,37.697,11.9,4.5
143.781,39.928,21.2,4.7
143.154,36.825,38.4,4.8
143.534,39.945,21.6,4.9
143.509,39.944,23.9,4.8
143.729,39.414,19.2,4.5
143.245,36.591,35.0,4.5
143.982,37.065,22.2,5.1
143.094,36.663,40.8,4.6
144.502,36.451,34.0,4.6
141.404,36.289,45.0,5.7
143.188,36.866,10.0,5.6
143.113,39.733,30.9,5.6
141.807,37.277,58.8,4.8
143.551,36.952,35.0,4.6
142.408,40.322,38.7,4.8
142.386,40.265,37.6,4.9
141.623,36.123,41.6,4.5
143.437,39.851,13.0,6.4
141.791,37.325,31.0,6.1
141.034,35.221,41.1,4.5
141.004,36.945,65.9,4.7
143.881,37.078,12.7,4.7
141.829,35.598,5.1,4.6
143.979,36.966,29.9,4.5
143.901,36.962,36.1,4.9
141.369,35.997,45.6,4.7
144.28,36.961,10.0,4.7
141.844,35.393,44.5,4.8
144.156,36.959,10.0,4.5
144.003,37.244,11.0,6.4
142.477,36.5,11.8,4.8
142.448,36.676,37.0,4.9
141.593,35.685,49.2,5.1
141.153,35.233,14.7,4.7
142.454,36.48,35.0,4.6
140.997,35.205,20.0,5.7
142.71,39.009,46.6,4.8
140.978,36.356,58.1,4.7
141.802,36.057,42.3,5.0
141.12,36.597,35.0,4.7
143.077,38.574,35.0,4.7
142.384,37.761,35.3,4.6
143.796,37.661,35.6,4.7
141.017,36.559,16.1,4.7
143.748,37.752,35.0,4.7
141.198,35.384,35.9,4.5
143.799,37.62,18.9,4.6
143.823,37.617,10.9,4.5
141.1,36.154,41.4,4.6
142.07,39.623,77.1,4.8
140.422,36.743,43.5,4.6
143.581,39.547,23.5,4.8
143.178,36.682,36.9,5.0
143.063,37.49,35.0,4.5
142.282,37.715,19.2,4.9
143.829,36.478,35.0,4.5
140.497,36.74,22.6,4.5
140.961,36.376,28.6,4.6
143.656,36.619,13.2,4.8
142.396,35.994,6.6,4.8
142.37,37.421,24.0,4.8
144.686,37.973,10.0,5.1
142.631,37.919,10.0,4.6
142.625,39.195,49.9,4.6
141.537,36.452,21.4,4.9
143.044,36.248,10.0,4.6
142.014,36.252,35.0,5.0
141.463,36.191,35.6,4.9
144.165,38.573,10.0,4.5
142.029,38.916,60.8,4.7
142.618,37.318,36.2,4.6
143.69,40.253,16.0,4.8
144.085,38.6,8.5,4.6
144.648,37.688,19.3,4.6
143.877,36.94,35.0,4.5
141.941,36.738,35.0,4.8
141.878,36.853,35.0,4.9
141.228,37.109,53.7,4.5
140.979,37.374,43.2,4.8
142.014,38.277,35.0,4.6
143.433,37.786,22.3,4.9
143.408,37.839,35.0,4.6
143.321,37.836,35.0,4.9
143.853,37.136,23.4,5.2
143.722,37.01,35.0,4.5
141.549,36.264,24.5,4.6
143.18,39.074,22.2,4.9
141.882,36.227,35.0,4.8
143.372,36.381,31.2,5.0
142.506,37.29,35.6,4.5
143.475,36.353,6.0,4.5
143.402,36.205,38.4,4.6
141.381,35.069,35.0,4.6
143.365,36.342,18.4,4.9
141.274,35.402,21.0,4.5
141.097,35.293,45.7,4.8
140.961,35.33,36.4,5.1
145.211,37.453,13.8,4.5
142.572,36.223,11.2,4.6
141.452,37.358,57.9,4.8
141.824,39.35,42.0,5.8
144.06,36.849,33.9,4.6
143.313,36.757,18.3,4.8
143.369,36.543,10.0,4.5
142.152,38.437,35.0,4.9
143.905,37.232,10.0,4.9
141.123,35.157,8.7,5.1
141.812,37.412,28.6,4.6
142.489,37.193,9.9,4.6
142.588,39.252,39.9,4.8
141.791,36.251,21.2,4.8
142.068,35.643,15.1,4.6
141.782,36.205,31.7,5.2
143.51,39.849,35.4,5.2
143.217,36.639,14.4,4.9
142.629,39.012,44.9,4.6
142.274,37.246,35.7,4.6
140.988,35.284,27.3,5.2
141.363,37.724,57.1,5.6
142.034,38.373,43.9,4.6
140.622,37.051,57.9,4.7
142.668,39.434,24.8,4.6
143.719,39.917,24.0,4.5
143.267,36.205,24.9,4.5
142.324,39.06,38.7,4.5
144.793,38.299,16.5,4.5
141.014,36.953,21.9,5.4
141.713,37.301,27.6,5.0
144.199,38.714,22.4,4.6
142.401,39.136,28.5,5.1
142.186,39.266,19.7,4.6
141.789,38.668,48.9,4.9
142.016,37.168,37.1,4.8
142.179,38.198,58.9,4.6
144.399,37.567,5.1,4.8
141.695,37.682,62.7,4.7
141.048,36.847,69.8,4.6
144.9,38.429,15.5,4.5
144.238,37.725,25.4,4.8
144.001,37.55,35.0,4.5
143.943,38.597,15.5,4.9
142.922,39.228,44.6,4.6
142.209,39.143,59.3,4.8
144.319,39.87,35.0,4.6
143.224,37.282,24.8,4.6
143.762,37.097,33.6,4.8
144.304,39.404,20.0,4.7
142.474,36.373,35.0,4.6
144.403,39.858,6.8,4.7
143.162,38.04,23.7,4.6
143.206,36.371,34.2,4.7
143.475,35.699,35.0,4.5
140.268,36.796,6.0,5.7
144.761,37.329,5.3,4.5
141.11,35.106,42.7,4.5
144.312,37.672,10.0,4.6
142.021,36.849,52.9,4.6
142.409,38.974,40.6,4.7
142.914,37.864,37.0,4.8
141.269,36.281,49.6,4.7
142.107,36.313,6.0,4.7
143.033,39.915,33.7,4.9
141.049,36.237,33.2,4.7
144.712,38.345,29.5,4.5
144.619,38.422,18.2,4.9
141.941,38.081,39.7,4.6
143.72,37.6,11.3,4.6
141.927,36.385,36.9,4.6
144.217,37.599,15.2,4.8
141.572,37.681,37.4,4.7
143.333,39.67,37.5,4.5
143.045,39.547,31.5,5.4
142.904,39.696,15.0,5.9
141.057,36.848,66.9,4.6
143.398,39.879,39.6,4.6
144.08,38.339,35.0,4.8
140.615,36.941,40.5,5.1
141.829,37.761,34.4,5.1
142.23,39.161,41.6,5.5
141.769,35.893,35.0,4.7
142.481,39.76,44.5,4.7
141.175,36.113,31.6,4.9
145.02,37.491,1.2,5.0
141.483,37.314,52.7,4.8
143.122,39.62,36.2,4.9
144.838,38.382,35.0,4.7
141.406,37.579,65.3,5.3
141.984,36.45,14.8,4.5
142.676,36.47,29.6,5.0
143.331,39.715,21.3,4.9
144.341,37.038,35.0,4.5
142.319,39.11,49.9,5.1
141.242,35.223,32.6,4.6
143.306,36.861,2.9,4.7
141.758,35.68,12.1,4.5
141.486,35.083,42.0,5.2
141.655,36.677,36.9,4.6
143.173,39.229,23.5,4.8
143.139,36.638,35.0,4.8
143.373,37.679,36.0,4.8
143.406,37.65,35.0,4.6
143.408,37.687,15.0,5.0
143.967,37.521,35.0,4.7
143.505,35.676,35.0,4.6
142.268,38.353,45.6,4.5
144.361,39.723,10.0,4.7
142.176,38.046,45.4,4.8
142.269,38.963,54.1,4.9
143.696,37.7,10.0,4.5
144.42,37.262,10.5,4.7
143.19,39.877,35.0,4.5
144.072,37.726,41.5,4.7
143.321,37.69,17.9,4.6
140.881,35.734,24.5,5.3
143.234,38.341,22.7,4.9
142.971,39.215,35.2,4.8
144.733,38.253,13.8,4.6
141.83,38.81,65.7,4.7
141.106,36.777,26.3,4.9
143.379,38.151,45.1,4.7
143.468,37.67,40.2,4.7
143.208,36.426,22.4,4.8
143.54,37.828,35.4,4.7
143.996,37.667,11.9,4.5
143.488,37.759,6.4,5.5
141.767,37.176,33.5,5.0
144.605,36.656,15.6,4.5
140.43,36.741,23.7,4.5
144.105,36.445,35.0,4.5
142.458,37.098,35.8,4.6
141.351,35.637,14.0,4.8
141.641,35.877,22.9,5.1
141.929,35.507,6.5,4.9
142.574,38.976,45.2,4.8
144.01,36.463,15.4,4.8
144.025,38.043,18.2,4.6
142.284,39.107,45.0,4.8
139.886,37.855,50.2,4.6
141.315,35.672,31.8,4.9
143.565,37.488,25.6,4.6
142.57,36.994,15.0,4.5
141.772,36.203,26.0,5.1
142.286,38.239,45.9,5.0
141.979,36.479,40.3,4.5
142.335,37.125,26.0,5.5
141.058,37.226,41.4,4.8
141.204,35.951,10.4,4.6
142.328,38.334,28.4,4.5
144.405,37.591,25.4,4.8
143.41,37.68,20.7,4.8
143.997,38.636,18.0,4.7
142.341,40.395,48.9,4.5
143.611,39.759,35.0,4.8
142.453,37.264,35.0,4.8
143.677,39.792,17.4,4.5
141.398,35.859,45.3,4.9
144.485,37.953,10.3,4.7
141.924,36.643,46.1,4.9
140.841,35.839,23.9,4.5
142.265,38.504,52.4,4.7
142.444,36.068,35.0,4.7
142.4,40.13,65.9,4.8
143.187,36.61,35.0,4.7
140.848,35.438,35.0,4.8
142.585,39.4,35.0,4.7
143.766,37.627,35.0,4.8
141.662,36.162,35.0,4.7
141.809,36.149,35.0,4.8
141.202,36.757,29.0,5.8
141.617,37.194,35.0,4.5
140.877,35.481,34.3,5.4
140.763,35.496,35.8,5.5
142.519,36.512,35.0,4.5
144.185,37.699,35.0,4.5
141.306,37.31,54.7,4.5
142.346,38.909,49.5,4.5
143.188,37.475,31.2,4.9
142.336,40.255,35.0,5.1
142.409,40.254,53.1,5.2
142.029,38.428,43.5,4.8
144.524,38.642,10.0,4.9
141.631,36.658,52.0,5.3
142.697,37.395,28.5,4.7
143.909,38.688,23.9,4.9
144.059,38.644,35.8,4.8
143.927,38.666,35.4,5.2
144.327,37.886,24.8,4.5
142.07,37.261,41.2,5.2
143.482,37.61,35.0,4.7
143.443,37.709,16.5,5.6
143.521,38.019,21.2,5.3
142.168,40.136,29.0,6.2
142.892,36.31,12.9,5.2
142.75,38.187,36.3,4.5
143.627,39.271,10.0,4.7
142.451,39.215,60.6,4.6
142.646,39.717,56.6,4.7
142.137,36.689,31.2,4.7
142.782,36.29,35.0,4.9
144.361,38.772,8.3,4.8
141.754,36.588,33.0,4.8
141.118,36.095,33.3,4.8
143.679,37.338,29.4,4.8
141.985,37.235,35.0,4.8
143.982,37.713,11.4,4.6
142.533,39.131,34.6,5.3
143.216,37.665,10.5,4.8
141.647,36.475,35.0,4.7
142.1,38.694,35.0,4.8
142.486,37.303,35.0,4.7
141.78,36.282,40.7,4.7
141.921,36.956,35.0,4.7
143.698,36.874,35.0,4.5
143.693,37.869,20.6,4.8
144.196,38.812,23.2,4.9
144.147,38.813,15.3,4.8
140.963,36.017,12.9,4.9
143.599,37.576,22.7,4.7
143.482,37.589,22.0,4.9
142.834,37.483,12.5,4.6
143.567,37.236,35.0,4.7
143.564,37.266,12.5,4.7
142.664,37.966,13.8,4.6
140.614,36.855,58.7,4.7
142.212,36.612,35.0,4.7
143.738,37.159,35.0,4.8
143.639,37.336,10.4,5.1
143.746,37.265,35.0,4.6
143.791,37.34,18.5,4.8
143.777,37.003,34.2,4.5
143.01,39.616,22.6,4.6
141.921,37.652,36.1,4.9
141.726,37.659,35.0,4.6
142.76,37.125,23.8,4.8
142.629,37.411,35.0,4.7
142.173,37.123,21.0,5.1
142.225,36.717,38.6,4.6
141.711,36.29,43.6,4.5
140.858,35.522,19.9,4.8
143.933,37.554,35.0,4.6
143.062,36.401,9.5,4.7
142.495,36.247,36.2,5.0
141.742,38.3,43.8,4.8
144.633,38.998,2.0,4.6
144.551,39.029,13.9,4.8
141.657,38.541,62.2,5.2
142.903,39.246,49.6,4.7
141.867,36.542,35.0,4.6
144.321,38.827,21.9,4.7
141.231,37.422,35.4,4.8
140.306,35.823,84.8,5.3
141.176,35.964,46.2,4.9
140.466,36.916,28.7,5.0
143.815,37.357,30.8,4.7
142.568,37.341,29.6,4.9
142.908,36.391,35.0,4.8
143.02,36.328,18.0,4.5
141.824,35.703,35.0,4.9
143.184,38.511,33.8,4.7
141.49,37.662,35.0,5.0
142.623,38.83,35.0,4.6
143.609,39.821,37.6,4.8
141.068,36.213,22.4,4.8
144.276,37.801,27.8,4.5
143.755,39.701,22.3,4.7
144.159,37.987,35.0,4.8
143.426,39.799,24.8,5.2
142.235,36.24,35.0,4.8
141.237,35.109,35.0,4.6
143.914,37.524,31.6,4.7
142.366,35.962,34.1,4.7
143.593,37.194,35.0,4.7
142.355,37.002,55.8,4.6
143.544,37.278,35.0,4.9
144.024,37.826,12.9,4.8
143.161,36.408,19.7,4.9
140.887,35.659,54.2,4.5
142.019,39.887,36.0,5.7
144.517,39.108,22.1,4.7
144.251,37.256,15.5,4.8
143.224,36.955,9.1,4.9
142.17,36.606,35.0,4.6
140.907,35.747,35.0,4.5
141.429,37.552,16.6,5.4
140.71,35.747,10.0,5.7
141.125,36.954,58.4,4.6
142.345,39.962,35.0,4.5
142.535,37.676,20.9,4.8
143.274,36.438,7.3,4.5
142.46,36.29,35.0,4.5
143.032,37.503,20.9,4.9
141.911,36.238,14.9,4.5
140.997,36.332,31.7,4.5
143.402,36.07,25.7,4.5
141.94,35.861,35.0,4.7
142.896,38.314,24.6,4.8
141.077,36.224,24.1,4.8
143.522,37.274,35.0,4.7
141.249,35.837,40.4,4.8
144.245,38.755,35.0,4.7
142.701,36.901,16.1,4.8
144.329,38.669,35.0,4.8
144.141,37.37,10.0,5.2
143.733,37.339,35.0,4.7
143.121,39.586,37.6,4.8
145.051,37.75,35.0,4.8
140.286,36.744,50.3,5.0
142.422,38.791,3.6,4.7
140.994,35.209,19.4,5.7
143.453,37.69,22.5,5.0
142.293,38.394,35.0,4.7
143.917,37.801,17.5,4.6
142.143,37.716,32.7,4.9
143.211,39.178,35.0,4.5
142.27,36.968,15.5,4.6
143.641,37.801,35.0,4.5
143.267,38.508,10.0,4.9
141.934,38.132,10.0,5.4
143.532,37.632,17.8,4.9
140.977,36.567,64.7,4.5
143.255,35.975,35.0,4.6
142.239,37.089,36.1,4.5
140.917,35.521,40.0,4.6
142.118,37.577,48.1,4.5
140.339,36.888,37.5,4.7
143.915,37.811,0.7,4.7
143.869,37.085,35.0,4.5
143.288,40.335,18.0,6.1
142.106,37.228,3.0,4.6
143.652,37.496,20.5,4.8
142.168,37.138,16.2,4.7
142.633,39.619,39.0,4.6
143.393,40.285,35.0,4.6
143.025,38.098,42.2,4.7
144.52,36.925,17.2,4.7
142.153,37.35,35.0,5.0
141.941,37.674,44.8,5.1
138.582,35.272,9.0,6.0
142.237,37.576,28.0,6.0
140.873,36.673,60.6,4.5
144.313,38.973,10.0,4.6
142.603,38.98,29.7,4.9
143.681,37.001,35.0,4.6
142.959,40.419,35.3,5.5
144.912,37.889,35.0,4.9
142.533,37.593,35.0,4.5
142.488,36.867,35.0,4.6
142.375,37.145,22.5,5.1
141.876,35.578,35.0,5.2
144.371,38.843,35.0,4.5
140.653,35.836,43.7,4.8
144.366,38.953,25.0,4.6
144.453,38.895,20.8,4.7
142.348,37.245,48.5,4.8
142.301,37.367,8.0,5.8
143.892,37.72,21.4,4.7
143.718,37.953,25.9,4.5
143.468,39.79,27.2,4.5
143.805,37.573,10.0,4.5
141.792,35.653,35.0,4.7
142.577,39.469,47.0,4.6
143.547,37.519,34.2,5.1
141.444,35.864,49.9,4.8
142.596,36.566,25.3,4.8
143.693,37.164,5.2,4.8
144.051,38.539,45.4,4.7
143.885,37.032,35.4,4.7
144.57,38.23,35.0,4.6
143.24,40.401,12.0,5.4
141.224,37.16,52.0,4.6
142.304,37.489,35.4,4.8
142.325,37.123,39.1,4.8
144.356,37.367,19.9,4.9
142.29,36.044,36.4,4.6
142.2,38.341,43.8,5.0
140.351,36.785,34.6,4.9
140.337,36.808,39.3,4.7
143.743,37.529,35.0,4.9
142.14,37.327,35.0,4.8
142.68,39.83,42.7,4.5
142.041,37.803,51.4,4.5
142.27,35.969,35.0,4.8
140.472,35.997,35.0,4.8
141.775,35.454,35.1,4.5
141.894,39.366,60.8,4.5
144.572,36.977,10.0,4.5
142.072,36.913,22.6,4.7
143.938,37.705,26.0,5.0
140.863,35.769,28.8,4.8
142.484,39.093,42.2,4.6
144.393,37.317,10.0,4.6
140.938,35.807,41.6,4.5
141.606,35.994,30.5,4.7
142.688,39.536,35.1,4.7
144.003,37.974,35.0,4.8
144.248,39.322,38.6,4.6
141.66,37.216,43.3,4.7
142.241,36.132,35.0,4.6
141.175,36.121,19.2,4.6
144.018,36.9,24.4,4.9
143.86,37.591,36.8,4.6
142.981,39.874,23.9,5.0
143.848,40.393,35.0,5.2
144.255,37.641,29.3,4.8
141.837,36.162,35.0,4.8
142.368,37.159,35.0,4.5
141.993,38.826,35.0,4.7
142.058,38.61,35.5,4.7
142.658,37.388,16.0,4.8
144.402,38.592,25.0,4.8
140.733,37.053,35.0,4.7
143.677,37.224,35.0,4.5
142.471,39.162,43.0,4.6
141.061,35.75,43.8,5.0
142.368,36.008,35.0,4.6
141.782,35.698,35.0,4.5
143.465,39.097,13.3,4.6
142.735,36.948,35.0,4.6
143.289,36.652,18.3,4.5
144.322,38.018,15.6,4.6
143.714,36.668,35.0,4.7
144.255,37.805,36.8,4.7
140.88,35.91,47.1,4.6
139.798,35.382,50.4,4.7
143.773,36.284,17.7,4.6
142.989,39.114,55.1,4.7
141.825,36.521,42.3,4.6
141.915,38.493,14.1,4.9
141.721,38.64,39.3,5.1
141.883,36.513,35.0,4.5
143.28,38.152,8.2,4.5
142.081,36.664,35.0,4.6
140.809,35.841,57.6,4.8
141.745,36.576,26.1,5.4
144.332,37.996,7.4,4.7
141.256,37.357,1.8,4.6
144.23,37.74,8.9,4.5
141.831,36.529,23.9,4.5
142.357,37.053,37.1,5.4
142.245,37.206,20.3,5.6
144.587,37.697,27.0,4.6
142.019,37.591,46.0,4.8
142.943,36.907,11.1,4.8
142.632,38.959,12.6,4.7
140.908,36.468,53.8,4.6
141.909,37.001,33.9,4.6
142.651,37.039,35.0,4.5
143.789,37.408,35.0,4.5
142.297,37.735,49.2,4.5
143.618,37.199,30.4,4.9
142.074,36.233,35.2,4.7
142.066,36.463,10.0,4.5
144.213,38.001,35.0,4.5
141.835,36.325,7.9,4.8
142.948,37.594,35.0,4.8
143.209,38.55,19.5,4.8
142.148,38.316,39.3,5.2
141.655,36.17,38.5,5.1
144.762,38.169,35.0,4.6
142.139,36.754,30.6,4.7
144.762,37.266,10.0,4.7
141.785,36.502,23.9,4.5
143.641,39.316,22.7,4.6
144.23,37.218,7.1,4.5
144.548,36.637,4.8,4.8
141.107,35.88,29.8,4.6
141.577,35.867,31.2,4.5
144.072,40.275,35.0,4.7
141.851,36.564,10.0,4.6
140.857,36.524,41.0,4.8
141.879,36.194,22.3,4.7
142.521,39.626,38.9,4.9
142.424,39.649,35.0,4.9
142.177,37.149,9.1,5.1
143.696,37.03,14.1,4.8
142.126,39.338,61.7,4.8
144.829,38.448,35.0,4.5
141.303,35.523,24.5,4.7
141.251,36.914,40.6,5.0
140.902,35.426,48.6,4.5
141.782,35.933,35.0,4.8
141.942,38.058,53.6,4.6
140.895,35.384,50.2,4.5
142.682,37.913,46.8,4.6
141.269,36.726,48.4,5.2
140.978,35.447,49.2,4.5
143.566,39.745,33.9,5.2
143.386,39.233,28.4,5.0
142.665,37.515,35.0,4.7
140.97,36.976,62.0,5.2
142.895,37.909,35.1,5.1
142.307,39.073,41.4,5.2
141.838,36.625,35.0,5.2
141.227,37.451,35.0,5.3
142.599,37.691,25.2,4.7
142.456,37.785,14.0,6.0
143.739,36.738,35.0,4.5
144.581,38.05,35.0,4.7
142.026,36.387,17.6,4.8
143.252,36.47,35.0,4.5
143.761,39.918,7.9,4.7
143.572,39.836,14.4,4.8
142.287,35.284,35.0,4.7
142.736,37.55,29.8,4.6
143.305,37.05,10.0,4.8
143.632,39.531,31.6,4.5
143.719,36.796,10.0,4.5
143.463,36.743,16.9,5.0
143.552,36.763,4.3,4.7
143.619,36.713,10.0,4.9
141.439,37.275,46.5,4.8
144.662,38.353,22.2,4.5
144.684,36.736,10.0,4.5
142.388,36.751,35.0,4.5
142.583,39.304,35.0,4.6
142.658,37.83,14.4,4.6
141.721,36.642,33.4,5.2
144.403,39.157,30.2,5.2
142.079,36.278,16.0,5.4
141.877,38.354,42.4,4.9
139.148,37.338,35.0,4.8
144.464,38.37,2.3,4.6
142.04,38.768,49.1,4.5
140.918,36.375,35.0,4.6
143.69,40.303,25.9,5.2
143.496,39.54,28.0,4.6
142.4,36.641,35.0,5.1
143.336,36.799,37.1,4.5
143.653,37.607,35.0,4.6
143.847,38.108,4.5,4.9
143.443,37.672,35.0,4.7
141.088,35.772,35.0,4.5
140.894,36.408,11.0,5.5
142.111,36.684,47.4,4.6
144.507,37.884,23.0,4.6
141.771,36.905,9.7,5.0
141.976,36.719,28.1,4.7
144.531,40.338,20.8,4.8
144.449,39.685,35.0,4.9
143.673,37.205,35.0,4.8
140.997,35.763,4.6,5.0
140.807,36.711,31.9,4.7
143.531,37.017,6.3,4.6
143.395,37.012,14.9,4.9
142.359,36.297,11.3,4.7
144.738,38.56,22.5,4.9
143.252,37.482,29.3,4.7
141.861,35.933,2.8,5.0
143.317,39.768,27.1,4.7
141.792,36.023,21.2,5.2
140.768,36.282,35.0,4.8
141.244,38.974,111.8,4.7
144.62,37.043,28.0,4.9
142.305,38.995,38.4,4.6
142.034,35.65,37.0,4.6
144.165,37.237,35.0,4.8
144.314,38.558,35.0,4.7
143.181,37.807,10.3,4.8
142.213,38.172,21.7,4.7
143.585,37.849,35.0,4.9
142.052,37.584,34.3,4.7
141.831,35.625,28.7,4.7
144.241,37.865,35.0,4.8
141.501,35.869,35.0,4.6
143.813,36.734,35.0,4.5
144.003,36.828,35.0,4.5
143.742,37.644,35.0,4.8
142.147,37.403,44.3,4.8
141.906,36.921,25.4,5.2
144.667,38.266,35.0,4.9
143.677,37.479,35.0,4.9
142.349,37.088,35.0,4.8
140.839,35.863,35.0,4.9
143.983,37.832,36.2,4.6
142.99,38.028,32.2,4.7
141.802,36.029,25.4,4.8
141.045,35.189,36.4,4.8
142.208,38.232,35.0,4.8
141.776,36.458,35.0,4.6
143.63,38.643,35.0,4.5
141.151,36.2,35.0,4.6
141.1,35.152,9.6,5.6
141.662,35.99,41.2,4.7
144.21,37.89,35.0,4.9
142.595,37.933,20.0,5.0
141.932,36.293,42.6,4.8
140.758,35.599,35.0,4.8
143.015,37.949,35.0,4.8
143.83,36.967,35.0,4.6
143.67,37.569,35.0,4.9
143.597,37.645,35.0,5.1
141.149,35.132,16.6,5.1
142.844,37.665,38.5,4.6
140.049,35.256,24.9,4.6
142.573,39.104,27.9,4.7
143.637,37.212,5.3,4.5
144.297,38.324,35.0,4.6
142.86,39.296,22.8,4.8
140.726,35.604,38.3,4.6
142.561,39.124,32.8,4.6
144.229,37.574,35.0,4.7
143.77,39.769,29.9,4.5
142.586,39.445,36.9,5.0
142.811,37.801,35.0,4.8
140.834,35.468,35.0,5.2
144.471,36.902,21.1,5.2
142.783,37.767,17.9,5.4
142.4,38.976,11.8,4.6
142.791,38.282,12.0,5.1
141.87,37.592,7.7,4.7
142.729,39.167,27.2,5.2
141.213,36.902,39.7,4.5
141.908,36.147,5.3,4.5
142.008,37.612,10.1,4.7
143.531,37.78,35.0,4.5
141.64,37.283,59.4,4.6
142.972,39.063,35.0,4.6
141.401,36.929,30.5,4.5
142.395,38.966,32.9,4.7
141.855,36.592,38.0,4.5
144.337,39.611,35.0,4.5
143.977,37.93,35.0,4.7
144.272,37.333,40.2,4.5
141.598,35.817,10.6,4.9
142.406,38.292,35.0,4.7
143.767,37.072,35.0,4.5
142.935,38.19,38.2,4.7
143.701,37.355,4.8,4.7
143.553,37.794,40.7,4.8
141.313,35.041,19.6,4.6
144.05,37.613,24.9,4.6
141.921,37.259,50.7,4.8
144.062,37.484,41.5,4.9
143.888,37.106,28.2,4.7
144.685,39.346,35.0,4.7
142.575,37.206,20.7,4.7
143.348,38.282,10.0,4.5
142.232,36.276,29.0,4.9
144.375,39.717,20.9,4.8
144.805,38.701,20.0,4.7
144.336,38.3,41.7,4.7
142.574,37.357,39.4,4.6
144.358,38.614,9.3,4.7
142.502,37.364,17.8,4.8
143.418,40.607,37.5,4.8
141.344,35.904,38.8,4.7
142.575,37.564,28.1,4.9
142.46,37.348,36.4,4.9
142.394,37.348,17.0,5.7
143.786,38.238,52.0,4.7
141.94,38.711,50.6,4.7
142.608,39.561,35.1,4.5
142.153,37.398,5.3,4.7
144.741,39.837,35.0,4.7
141.038,36.19,51.4,4.8
143.006,39.418,46.4,4.7
144.411,39.739,12.3,4.9
143.203,36.982,18.4,4.9
142.699,36.936,47.2,4.7
143.596,39.658,36.7,4.9
141.522,36.581,45.3,4.7
143.447,39.808,21.1,4.7
141.631,38.194,65.0,4.8
144.712,39.508,35.0,4.7
142.974,36.617,7.5,4.8
143.687,37.704,13.9,4.8
142.083,36.59,35.0,4.8
141.858,38.849,33.0,5.6
144.266,38.879,15.9,4.8
141.781,36.532,35.0,4.7
143.732,37.163,3.0,4.9
142.457,37.286,38.6,4.5
143.732,37.253,35.0,4.9
142.441,39.02,25.0,5.1
144.561,37.929,35.0,4.6
144.437,39.696,14.6,4.8
144.102,37.684,22.6,4.8
143.754,37.604,35.0,4.5
143.807,37.727,14.4,5.1
143.478,37.306,2.4,4.6
143.542,37.276,20.9,4.8
144.352,39.617,37.2,4.8
143.966,38.479,38.3,4.6
143.775,37.517,8.6,4.7
143.497,38.52,10.0,4.6
143.684,37.394,21.6,4.8
143.921,37.856,12.7,4.9
143.755,37.285,35.0,4.6
142.4,37.174,37.0,5.0
141.789,35.71,21.9,4.5
143.716,37.4,17.8,4.8
144.314,39.676,35.0,4.5
142.928,39.117,35.0,4.5
143.181,39.642,13.0,5.7
143.549,39.865,11.0,4.5
142.814,39.495,35.0,4.8
143.264,36.951,16.6,4.6
143.671,36.946,35.0,4.5
144.019,38.326,35.0,5.3
141.419,36.21,11.6,4.5
143.442,37.619,22.3,4.9
143.043,39.171,47.2,4.5
142.147,40.072,67.9,4.6
141.264,37.07,49.7,4.9
143.074,39.691,17.5,4.5
142.09,38.343,44.7,4.9
142.34,37.444,30.8,4.8
142.594,39.657,35.0,4.9
142.022,37.29,30.3,4.6
141.217,36.359,46.0,4.5
142.101,38.914,67.0,4.6
142.493,36.419,35.0,4.5
142.893,36.918,35.0,4.7
143.943,38.581,35.0,4.6
141.757,36.155,35.0,4.8
141.581,35.932,14.5,4.5
142.257,36.3,12.3,5.1
140.973,35.208,22.4,5.1
144.499,39.772,7.7,4.7
143.167,39.706,17.9,4.7
142.969,38.192,26.6,5.1
141.724,35.668,35.7,5.0
141.694,36.796,23.2,4.6
142.296,36.181,27.3,4.5
142.556,38.031,25.9,4.9
143.155,38.85,22.3,4.5
144.749,38.642,26.8,4.9
142.037,36.027,7.9,4.6
143.587,39.65,18.1,4.6
141.464,36.492,40.7,4.5
142.541,38.045,22.0,4.9
144.542,38.089,20.0,4.5
142.807,37.601,24.4,4.8
141.73,35.624,20.0,4.5
143.922,38.169,25.3,4.5
142.537,36.996,17.0,4.9
143.011,39.212,27.9,4.5
140.139,37.185,47.5,4.6
142.261,36.089,35.0,4.5
143.296,36.881,14.6,5.3
143.259,37.262,36.4,4.5
143.266,39.471,21.9,5.1
143.332,36.908,12.6,5.3
142.595,36.851,12.9,5.1
144.347,39.689,14.3,5.1
142.914,36.961,7.4,4.9
141.568,36.717,17.6,4.9
141.853,36.231,31.9,4.7
142.344,36.344,10.1,5.8
141.829,35.587,30.5,4.5
143.551,36.585,10.1,4.8
144.013,37.938,12.5,4.5
141.96,37.637,30.8,4.5
142.903,36.907,7.3,5.2
143.016,37.886,12.5,4.6
143.84,37.511,22.3,5.1
141.637,35.723,8.0,6.1
142.188,36.824,12.9,4.6
143.987,38.125,29.7,4.7
144.236,37.855,35.0,4.6
142.192,36.324,10.5,4.8
142.862,37.525,35.9,4.5
143.232,39.081,36.6,5.2
142.712,38.038,32.3,5.0
140.868,36.008,24.2,5.0
141.804,36.571,23.3,4.8
142.774,37.68,35.0,4.5
144.118,38.086,20.5,4.9
143.381,37.681,8.7,5.0
143.387,37.075,21.0,5.0
141.444,35.884,38.8,4.5
141.661,36.624,29.7,5.2
142.296,36.732,22.2,5.1
141.72,38.047,15.0,6.1
142.282,37.998,23.5,5.4
144.232,38.538,14.3,4.8
143.679,39.603,20.2,4.7
141.811,36.16,40.7,4.6
142.138,36.343,10.3,4.8
142.353,39.688,78.2,4.6
142.27,39.175,31.0,5.3
142.34,39.266,49.4,4.6
143.927,37.844,35.0,4.6
141.889,37.681,16.0,5.8
142.534,39.0,55.7,4.5
143.877,37.65,23.5,4.8
143.406,37.1,35.0,4.5
142.31,39.03,44.9,5.4
142.569,39.612,26.4,5.4
143.325,37.098,36.3,4.9
144.234,37.861,35.0,5.0
141.357,35.139,41.1,4.7
141.916,37.239,23.0,4.5
143.587,38.357,35.0,4.6
143.352,39.875,56.6,4.7
143.311,39.843,31.8,4.8
142.777,35.98,35.0,4.9
141.29,37.13,45.1,4.9
141.979,37.677,22.1,4.5
142.348,37.93,35.0,4.5
144.751,38.892,4.2,5.0
143.878,38.166,10.0,4.7
143.993,36.747,35.0,5.1
141.754,35.754,36.3,5.0
143.555,39.36,35.0,4.6
142.827,38.047,15.3,4.8
142.409,37.405,7.8,4.5
143.209,38.235,27.7,4.7
141.4,35.791,14.2,4.8
142.827,37.114,35.0,4.8
141.865,36.132,10.0,4.5
142.203,37.227,17.3,4.9
142.443,39.879,89.3,4.7
142.608,37.713,4.7,5.3
142.012,36.635,47.5,4.7
141.685,36.573,36.0,4.5
143.389,37.7,21.6,4.8
144.171,37.429,35.0,4.6
144.793,38.532,19.1,4.5
141.183,36.558,35.0,4.5
141.268,37.328,54.1,4.6
143.737,37.476,35.0,4.7
143.296,37.755,35.0,4.5
143.203,37.769,10.0,4.9
143.537,37.252,18.4,4.8
143.72,37.424,35.0,4.5
142.154,36.313,35.0,4.8
142.505,38.716,27.6,4.7
144.745,39.044,28.0,4.5
142.482,36.517,10.0,5.8
143.484,37.694,24.4,4.6
143.943,37.999,9.9,5.2
142.793,38.028,28.3,4.7
142.877,37.0,35.0,4.5
143.976,37.987,35.0,4.6
142.206,38.655,47.2,4.8
143.348,37.72,16.4,5.1
143.774,37.978,35.0,4.8
142.063,37.596,18.8,4.7
144.202,37.94,35.0,4.9
143.845,38.07,35.0,4.9
144.752,37.911,7.7,5.1
143.902,38.349,35.0,4.7
143.749,38.977,35.0,4.6
142.677,38.956,35.0,4.7
142.108,37.04,35.0,4.8
142.969,38.055,17.1,4.5
141.606,36.431,43.1,4.8
142.734,38.333,41.4,4.7
144.726,39.383,35.0,4.6
144.282,37.909,35.0,4.6
142.807,37.689,35.0,4.7
142.198,39.386,35.0,4.8
143.794,37.602,35.0,4.9
142.405,39.465,35.0,5.8
141.662,35.776,35.0,5.4
144.649,38.972,35.0,4.6
142.688,39.387,49.5,4.6
141.15,36.185,26.3,4.5
140.668,35.724,35.0,4.9
142.549,38.791,35.0,5.6
141.797,36.342,35.0,5.2
142.338,36.887,44.6,4.5
140.998,35.286,35.0,4.6
141.167,35.698,35.2,4.9
143.519,37.722,35.0,4.9
142.072,36.08,35.0,4.8
142.369,39.426,35.0,5.3
141.935,36.204,28.5,5.2
141.159,37.249,38.0,6.1
140.868,35.748,45.7,4.8
143.506,37.734,34.1,5.9
143.228,39.177,30.2,4.6
143.828,37.746,35.0,5.1
143.681,36.572,35.0,4.8
144.473,39.651,7.4,4.9
141.734,37.136,35.0,4.8
143.656,36.646,35.0,4.7
142.351,37.245,6.9,4.9
142.614,39.644,32.5,4.9
142.553,36.48,35.0,4.7
141.99,37.232,39.2,4.6
142.024,40.037,28.5,4.9
141.152,36.014,35.0,4.7
144.399,38.691,38.6,4.8
143.329,39.592,17.8,4.5
143.264,37.357,13.6,4.5
141.681,35.743,10.0,5.3
142.74,37.635,30.7,4.8
143.278,38.233,44.8,4.5
142.023,37.723,35.7,4.5
142.433,38.719,27.9,4.9
143.684,37.186,35.0,4.5
143.887,37.527,21.4,4.9
143.282,37.303,35.0,4.6
142.279,39.049,27.0,5.7
143.181,37.464,32.8,4.7
143.068,39.728,38.6,4.6
141.764,35.742,35.0,4.6
141.763,36.699,35.0,5.0
144.454,37.498,26.9,5.2
143.261,37.268,35.0,4.5
143.469,37.151,22.3,5.3
143.746,37.212,18.4,4.6
143.532,37.174,10.8,4.9
141.772,35.944,35.0,5.0
142.291,38.158,41.9,4.8
142.811,38.859,32.5,5.2
142.434,38.971,53.5,4.8
142.753,38.486,35.0,4.6
143.756,37.39,35.0,4.5
143.704,37.384,35.0,5.0
142.225,36.515,30.9,4.6
143.466,37.094,10.0,5.2
144.16,37.709,35.0,4.5
143.926,38.192,35.0,4.5
143.556,39.936,35.0,4.7
144.134,36.864,35.0,4.6
144.301,38.273,35.0,4.7
142.677,39.644,35.0,4.5
143.571,37.322,24.1,5.2
143.475,37.099,37.1,4.6
141.922,36.141,16.5,4.7
143.624,37.178,23.3,5.0
141.008,36.659,35.0,4.6
141.818,36.345,20.3,4.7
142.718,39.327,53.5,4.9
142.898,39.979,43.6,4.7
141.592,35.614,21.6,4.9
141.682,38.443,44.8,4.8
142.703,38.197,47.8,4.9
142.372,37.641,50.2,4.6
141.725,36.231,11.7,4.6
143.128,37.864,26.9,4.6
142.946,37.827,47.1,4.7
142.943,39.288,40.5,4.8
142.394,37.027,36.9,4.5
143.556,37.935,31.4,4.9
141.45,35.905,37.3,5.1
143.789,39.238,42.3,4.7
143.75,37.791,7.4,4.7
144.31,38.731,14.4,4.8
144.348,38.696,27.1,4.9
141.563,36.888,54.5,5.1
142.575,37.38,38.8,5.0
144.461,38.675,38.9,4.7
141.311,35.878,46.9,4.6
143.814,39.619,42.6,4.5
144.225,37.21,50.9,4.5
143.488,37.178,30.8,4.9
144.813,38.574,11.4,4.9
143.89,37.328,14.4,4.8
141.333,35.964,24.0,4.9
144.675,39.001,29.6,5.1
143.564,39.491,24.8,4.7
143.54,37.212,19.1,4.8
141.248,35.715,45.5,4.7
142.007,37.424,47.2,5.0
142.49,37.226,35.0,4.5
142.908,38.042,41.3,4.7
142.124,38.351,41.6,4.9
141.699,36.321,35.0,4.5
143.523,36.789,24.9,4.7
142.365,36.486,32.8,4.6
143.928,37.696,15.0,4.7
144.245,37.147,41.7,4.6
144.608,37.739,21.3,4.5
142.539,38.655,31.9,4.8
140.769,36.607,54.9,4.7
144.976,37.786,15.7,4.9
144.833,37.8,35.3,4.7
142.821,37.568,30.8,4.9
143.452,39.597,28.3,5.0
142.32,39.197,57.5,4.8
141.897,35.967,30.0,4.5
142.769,39.524,52.0,4.8
142.33,39.171,53.7,5.5
143.796,38.494,20.1,5.4
143.812,37.09,6.9,5.1
141.909,36.236,35.0,4.5
142.425,37.36,59.1,4.6
141.73,36.367,30.7,5.1
143.907,37.734,16.6,5.1
138.473,37.062,3.8,4.5
141.641,36.673,35.0,4.6
143.002,37.16,35.0,4.5
141.783,36.159,13.4,4.8
142.521,38.227,35.0,4.7
142.303,38.383,35.0,4.5
143.935,38.091,20.6,4.8
143.327,36.732,14.4,4.6
142.679,38.833,23.5,4.5
141.135,35.155,21.3,4.5
142.484,37.07,35.9,4.7
140.348,36.817,49.8,4.9
144.091,37.627,10.0,4.6
144.467,37.134,13.5,4.6
141.256,35.996,54.9,4.7
142.456,38.029,22.9,4.8
143.202,40.082,25.5,5.7
141.34,35.905,31.1,5.1
141.379,35.878,11.4,4.9
141.052,36.205,23.6,4.7
143.4,39.315,34.4,4.5
143.926,37.668,18.8,4.7
144.31,36.562,27.9,4.8
141.779,38.865,38.2,5.2
142.419,36.483,27.7,4.6
142.38,36.399,17.8,4.5
144.813,38.136,19.4,4.6
142.671,38.141,35.0,4.5
141.226,35.79,8.8,5.0
142.618,37.371,17.9,4.9
142.633,37.37,36.2,4.6
143.65,39.903,17.4,4.6
144.309,36.514,20.1,4.6
142.794,37.341,27.1,4.7
140.953,35.222,13.6,5.3
144.623,37.887,24.9,5.3
142.109,36.016,18.0,4.6
142.733,37.373,35.0,4.7
142.106,36.163,37.9,4.9
144.02,37.769,9.2,4.8
143.236,39.006,24.6,4.6
141.344,35.952,16.7,5.9
142.206,36.481,35.0,4.5
142.825,39.128,33.3,4.9
142.598,39.549,19.9,5.8
144.402,37.656,27.6,4.9
143.731,37.454,35.0,4.6
143.645,37.585,26.6,4.5
141.106,37.251,39.1,4.6
141.02,37.205,36.2,4.9
144.22,37.722,22.2,5.0
143.61,37.6,14.6,5.9
142.304,39.099,24.6,5.0
142.719,40.126,18.1,5.0
141.431,36.667,26.9,5.2
142.575,37.405,36.9,4.6
142.064,38.486,46.2,4.5
144.473,37.816,17.5,4.8
143.529,39.339,12.2,4.5
143.748,37.28,11.2,4.6
144.032,37.699,9.3,4.8
143.04,39.37,28.8,4.9
143.796,37.581,15.0,4.9
143.183,37.814,9.9,4.9
142.34,36.672,5.9,4.6
141.602,36.532,30.5,4.7
142.802,37.483,26.9,5.2
141.625,36.242,29.7,4.6
142.792,37.424,16.9,4.5
142.005,36.641,30.0,4.7
143.092,38.661,17.6,4.9
142.648,37.594,20.0,6.5
141.754,37.328,32.2,5.5
144.374,37.263,35.0,4.6
141.555,36.331,28.4,5.1
143.625,39.241,8.0,4.7
142.299,36.532,20.5,5.2
142.941,39.16,34.9,5.3
142.831,38.751,22.3,5.8
142.87,38.124,12.5,4.6
142.051,36.695,26.3,4.5
143.586,36.976,35.0,4.6
143.193,39.801,18.4,4.7
141.665,36.339,13.0,5.0
142.271,37.736,26.7,4.7
142.677,38.053,20.8,5.4
141.282,37.398,25.3,4.7
140.555,37.074,37.7,4.8
142.43,37.479,22.4,4.5
141.392,37.821,30.1,5.0
141.074,35.606,21.8,4.7
141.768,36.112,20.0,5.5
142.864,39.531,54.9,4.6
142.274,38.328,13.4,4.8
142.499,37.207,35.0,5.0
141.725,36.722,56.2,4.5
141.885,37.755,30.7,5.0
143.595,36.555,22.6,5.0
142.249,37.086,46.2,4.5
141.506,36.528,22.3,5.4
143.525,38.397,31.0,5.3
143.012,37.728,21.5,4.7
141.823,37.439,36.3,4.7
142.532,38.857,29.1,5.1
144.384,37.58,23.6,4.7
143.524,37.064,24.5,5.0
143.006,39.027,28.1,4.7
142.623,39.051,24.0,5.3
143.741,37.638,43.3,4.6
142.503,36.827,35.0,4.5
143.354,38.399,5.1,4.5
142.728,37.114,28.8,4.5
143.325,39.084,24.3,4.9
140.907,37.266,45.0,4.5
141.867,39.654,66.3,4.9
142.311,36.486,20.4,5.4
144.827,37.834,39.3,5.7
144.607,37.811,7.2,4.6
143.811,37.609,34.1,5.1
143.809,37.081,32.2,5.0
141.136,35.807,7.9,4.9
142.679,38.368,44.6,4.6
142.93,39.143,26.3,4.9
141.687,36.423,49.0,4.7
141.641,36.634,40.5,5.0
143.655,40.786,14.9,4.5
142.244,40.219,41.5,4.8
142.251,38.282,69.2,5.4
143.448,38.716,35.0,4.5
144.769,38.271,35.0,4.5
142.302,37.255,28.2,5.2
141.296,37.386,14.8,4.9
142.911,37.829,39.3,5.0
142.478,38.998,16.6,5.4
143.26,38.553,10.0,4.9
144.254,38.666,28.8,4.8
142.96,38.992,11.3,4.5
144.451,38.964,10.0,4.9
142.613,37.199,36.0,4.7
143.002,39.167,35.6,5.0
142.568,39.135,43.7,4.9
142.081,36.491,42.3,4.8
142.363,38.279,35.0,4.9
142.257,38.275,10.0,5.0
143.713,37.662,24.2,5.1
142.624,37.671,10.0,4.6
142.828,37.829,25.8,5.5
141.118,36.997,36.6,5.1
143.004,37.694,37.3,4.6
143.86,37.533,35.0,4.8
143.34,37.678,6.2,5.4
141.967,36.898,59.2,5.2
141.605,35.814,8.1,5.7
143.469,37.615,22.4,4.9
141.896,38.561,63.2,4.7
142.583,37.364,30.9,4.9
144.859,38.385,10.0,5.0
142.633,39.005,17.4,6.1
139.13,40.576,12.2,4.9
143.331,36.959,10.0,4.5
143.984,37.992,35.5,4.8
141.001,36.185,55.8,4.9
144.356,38.895,7.0,5.0
141.286,35.981,4.0,4.9
139.055,40.483,10.0,6.2
141.578,37.562,11.8,5.2
138.804,36.785,5.6,4.6
141.733,35.957,10.0,4.5
143.558,37.436,35.0,5.0
143.205,39.385,39.2,4.7
143.199,39.347,35.0,4.7
143.213,38.579,35.0,4.7
142.44,37.111,35.0,5.2
138.3,36.943,12.4,5.7
141.902,35.923,35.0,4.8
142.983,37.059,10.0,5.0
140.658,35.685,2.2,5.5
144.353,37.008,35.0,4.7
143.743,38.537,35.0,4.6
143.759,36.839,35.0,4.5
144.015,38.163,35.0,5.0
140.884,36.264,9.1,5.5
142.872,39.342,27.1,6.0
138.376,37.014,9.3,6.2
141.794,36.128,31.9,4.5
141.741,35.8,4.1,5.0
141.85,35.978,35.0,4.6
141.241,36.129,16.2,5.1
141.024,36.832,54.2,5.0
143.255,39.188,38.9,5.0
143.002,37.964,35.5,4.8
144.707,37.028,10.0,4.8
144.284,36.966,35.0,4.8
143.103,37.192,38.0,4.8
141.658,36.324,37.3,4.5
144.859,38.575,10.0,4.6
142.01,35.784,35.0,4.9
141.628,36.22,39.5,5.8
142.205,36.453,35.0,5.1
142.096,37.197,15.6,5.7
143.952,38.053,15.7,4.7
143.044,37.187,59.4,4.5
143.385,38.604,35.0,4.7
144.646,37.148,5.5,4.5
142.329,36.673,24.1,4.7
142.54,36.425,41.2,4.6
141.304,37.489,19.4,4.6
142.056,36.765,49.8,5.0
144.909,37.663,35.0,5.0
143.593,37.545,35.0,4.8
142.753,37.766,36.7,4.6
144.175,36.722,18.9,4.7
142.741,37.508,13.1,4.9
143.423,39.742,50.8,5.2
142.321,36.624,35.0,4.8
142.636,36.817,35.0,4.9
142.706,37.329,44.9,5.1
144.632,37.055,19.4,5.4
141.136,37.377,23.9,5.0
141.814,35.997,15.9,5.0
142.428,36.566,35.0,5.1
143.571,37.743,35.0,5.1
141.391,35.331,1.7,5.5
144.159,36.999,9.3,5.6
142.375,38.902,68.0,4.8
144.091,37.472,10.0,5.0
143.035,38.39,27.2,4.8
144.3,38.501,18.3,5.0
140.886,36.506,50.8,4.5
142.042,36.635,7.0,4.6
144.338,38.167,35.0,5.0
142.33,38.181,35.0,4.8
143.149,37.817,35.0,5.0
144.742,38.867,35.0,4.9
141.893,36.407,35.0,4.7
141.242,35.997,20.0,4.8
143.876,37.606,35.0,4.8
144.286,37.685,35.0,4.8
142.862,38.384,42.1,4.7
142.303,36.557,35.0,5.0
143.379,39.621,35.0,5.0
143.978,36.969,18.5,4.8
142.842,38.797,35.0,4.5
141.161,36.373,46.6,4.8
144.586,38.015,36.1,4.7
143.595,37.031,21.5,4.8
141.914,36.175,36.1,4.9
144.16,37.636,33.9,4.8
143.465,39.464,35.0,5.5
144.209,37.257,35.0,4.8
144.406,39.256,35.0,5.3
144.069,36.575,35.0,5.4
143.716,38.47,20.7,4.7
141.988,36.339,35.0,4.9
141.942,36.659,10.8,4.9
142.991,38.699,35.0,5.0
142.37,37.496,14.3,5.0
142.555,36.233,15.4,4.9
141.965,35.939,35.0,5.0
141.713,36.024,16.9,5.4
141.824,36.469,31.4,4.9
140.933,35.594,53.8,4.9
142.709,38.811,35.0,4.9
142.245,37.181,33.2,5.2
144.513,37.625,17.7,4.8
141.763,35.942,35.0,4.5
142.284,37.319,20.1,5.2
141.548,35.637,35.0,5.5
141.864,36.398,52.8,6.0
141.856,36.247,35.0,5.5
141.808,35.994,21.0,6.3
141.449,35.973,35.0,4.8
141.54,36.332,15.1,5.5
141.741,37.283,31.9,5.0
142.892,38.028,9.7,4.9
143.037,38.12,17.5,4.6
142.354,39.045,59.9,5.0
141.403,35.96,10.2,5.8
141.899,35.966,9.3,5.3
144.287,38.118,6.2,5.0
140.795,36.673,59.1,5.1
143.002,39.121,26.5,4.5
144.269,38.608,19.1,4.8
143.46,39.366,35.0,4.5
141.499,35.882,35.0,4.8
144.036,37.112,20.7,5.5
143.957,37.052,35.0,5.4
142.379,37.408,38.5,5.0
142.112,37.093,32.5,5.0
143.221,37.546,24.6,5.1
141.691,36.209,8.6,4.8
141.852,36.518,24.4,4.6
141.935,37.498,21.7,5.2
140.761,36.123,51.3,5.5
141.757,36.641,42.0,4.9
142.144,37.217,47.6,5.1
142.895,37.995,47.4,5.2
141.888,36.655,30.7,4.5
144.252,37.22,9.4,4.9
143.123,38.371,32.7,5.3
141.878,36.635,35.0,5.0
141.15,36.87,66.1,5.0
144.126,38.989,25.3,5.7
142.061,37.338,33.1,5.0
141.84,36.162,4.7,5.5
142.798,39.21,35.0,5.1
142.135,35.789,35.0,5.0
141.887,36.374,7.2,4.5
142.827,37.575,35.0,5.5
141.743,36.371,57.7,5.6
141.884,37.377,52.8,5.1
143.762,37.744,35.0,5.1
143.321,37.882,35.0,4.8
142.598,39.168,35.7,4.7
141.976,36.541,42.3,5.3
141.692,36.145,35.0,5.2
141.96,37.795,35.0,5.5
141.976,38.499,50.9,5.4
143.589,39.504,17.0,4.6
141.602,36.147,35.0,5.6
142.156,37.019,29.4,4.6
143.512,39.283,10.0,5.3
143.301,37.463,10.0,5.4
143.624,36.986,26.1,5.3
142.695,38.059,50.9,5.4
141.712,36.191,39.8,5.2
142.967,38.186,63.9,4.7
141.75,36.48,14.6,5.3
142.666,39.294,53.3,4.6
142.385,37.216,35.0,4.9
142.264,39.084,50.2,5.8
142.548,38.055,35.0,5.9
144.64,38.899,35.0,5.0
144.053,37.588,35.0,4.6
142.744,36.333,10.0,5.1
143.211,39.143,35.0,4.9
143.062,37.652,35.0,4.6
142.08,35.752,35.0,5.6
142.094,39.202,44.5,5.3
143.014,37.693,25.9,5.3
141.527,36.267,23.1,5.5
142.703,37.228,10.0,5.3
142.513,36.93,35.0,5.3
142.662,39.149,9.5,4.7
144.486,37.9,22.7,5.0
141.171,36.004,17.7,5.8
142.244,36.695,35.0,5.7
142.906,39.319,10.0,5.4
142.463,39.241,25.7,6.6
144.783,37.906,18.3,5.3
143.166,39.065,36.3,5.8
142.396,36.238,35.0,5.7
140.115,38.085,58.1,5.1
143.43,39.219,13.8,5.4
142.162,38.504,27.7,5.2
143.369,39.128,10.0,5.4
142.011,35.571,9.6,5.2
143.073,37.547,35.0,5.8
140.933,35.684,35.0,5.7
141.809,36.628,36.6,5.5
143.323,39.193,52.1,5.3
141.778,36.38,25.9,5.5
141.842,35.535,35.0,5.5
143.265,36.481,35.0,5.2
142.615,37.437,49.3,4.9
142.544,37.024,35.0,5.1
142.605,38.004,35.0,5.0
142.965,39.173,47.5,5.3
141.496,37.737,41.8,5.6
143.893,37.463,35.0,4.9
142.267,39.002,15.4,5.2
142.717,36.391,35.0,4.8
142.436,37.076,35.0,4.9
143.36,38.491,36.4,5.0
143.05,37.491,6.6,5.2
143.752,38.417,33.3,5.6
141.388,35.888,12.3,5.4
143.116,38.387,35.0,5.0
142.963,37.628,35.0,4.9
142.487,36.688,35.0,5.0
142.601,37.097,35.0,4.6
141.852,35.979,35.0,4.7
141.2,37.05,37.8,5.2
143.592,39.397,20.0,5.9
143.571,37.961,35.0,5.0
141.5,36.685,35.0,4.7
142.521,36.665,10.0,5.7
142.863,37.97,35.0,5.1
142.032,37.256,43.8,5.4
142.247,36.896,17.5,5.4
141.61,36.047,22.5,5.0
144.463,37.009,35.0,4.8
140.983,35.808,35.0,5.0
142.76,39.185,26.5,6.0
142.703,38.83,5.0,4.9
141.715,36.623,35.9,4.7
143.158,37.295,21.3,5.1
142.191,36.661,10.0,5.3
142.702,37.876,35.0,4.8
141.687,37.409,35.0,4.8
143.068,38.12,10.0,4.9
141.812,37.715,55.8,5.0
141.822,36.223,47.5,5.1
143.056,39.599,38.6,5.4
144.121,37.397,35.0,5.0
142.299,36.664,35.1,5.0
142.637,37.848,35.0,4.6
142.705,39.495,18.0,5.3
142.501,37.138,41.3,4.9
141.601,35.912,5.8,5.5
143.889,37.572,26.8,4.9
142.65,37.696,35.0,5.0
144.455,38.576,35.0,4.8
142.169,36.584,53.2,4.8
142.159,38.298,68.1,5.3
141.864,36.107,21.9,4.7
141.451,36.198,35.5,4.9
144.13,37.439,10.0,5.0
142.112,36.065,35.0,4.9
143.668,39.837,35.0,4.8
140.117,37.967,53.8,5.0
138.55,39.862,35.0,4.6
141.879,35.642,35.0,4.7
142.863,37.491,42.4,4.9
143.311,37.683,39.2,5.5
143.997,37.403,35.0,5.1
142.674,37.301,12.0,5.3
142.718,37.376,8.8,5.4
143.826,39.499,10.0,4.7
142.497,37.281,23.2,5.1
142.292,38.797,34.7,4.9
141.597,36.607,36.5,5.0
141.717,36.56,38.8,4.8
141.924,36.77,17.0,5.5
141.098,36.326,40.8,5.3
143.642,37.556,35.0,5.3
141.909,36.505,47.8,5.2
142.451,37.416,25.8,5.6
140.966,36.122,47.3,5.6
140.984,37.447,39.5,5.9
142.771,37.64,46.2,5.5
143.833,37.704,9.4,5.4
140.984,36.033,19.7,5.6
142.967,39.14,27.6,6.0
141.176,37.469,37.3,6.0
142.657,38.017,42.8,6.0
143.017,37.367,17.0,6.1
141.562,36.166,6.8,6.5
141.698,36.117,8.0,5.4
144.541,37.047,41.0,6.1
141.486,36.569,39.6,6.2
140.852,36.287,19.5,5.6
142.823,37.569,20.8,5.4
142.208,37.593,48.9,5.7
142.7,36.936,19.3,5.9
142.815,36.983,35.0,5.1
142.78,37.012,0.7,5.7
142.226,37.106,38.0,5.6
141.573,37.743,50.8,5.7
142.431,38.836,55.7,4.9
141.959,36.734,42.0,5.0
141.675,36.554,44.2,5.0
141.756,36.525,26.9,5.4
142.162,36.951,3.1,5.1
143.837,38.726,21.1,5.2
141.813,36.195,13.8,5.8
141.892,36.403,35.0,5.7
142.191,38.345,16.1,5.3
142.793,39.204,38.5,5.8
142.309,36.943,21.9,5.7
142.71,36.323,35.0,5.7
141.195,37.442,49.2,6.0
142.349,39.031,45.4,6.3
141.824,36.823,28.4,6.1
144.529,37.934,39.5,6.1
142.097,37.454,19.6,5.9
142.406,37.006,6.3,5.8
141.823,36.586,24.7,6.3
142.358,36.103,35.0,5.9
142.681,37.879,33.7,5.8
141.856,36.718,35.0,5.6
141.874,36.714,28.2,5.7
142.98,37.778,21.5,5.6
143.6,38.442,15.4,5.7
142.398,38.964,23.7,5.8
142.802,37.924,19.1,5.6
142.529,39.693,41.6,5.8
143.755,36.628,36.1,5.7
144.725,37.357,35.9,6.3
140.875,35.712,47.5,6.0
142.855,37.562,39.8,5.9
141.493,36.974,9.5,5.4
143.016,38.061,33.6,5.5
141.605,40.668,44.9,5.8
144.237,37.337,47.3,6.1
142.724,37.961,11.7,6.2
141.946,38.807,47.1,5.3
143.248,37.956,30.6,5.9
141.1,36.588,22.7,5.3
144.627,38.066,25.9,5.4
141.576,39.599,35.0,5.8
142.463,37.04,40.1,5.5
141.665,36.094,47.2,5.8
142.404,37.465,52.4,5.6
141.1,35.806,10.3,5.8
141.867,36.625,39.1,5.9
144.233,37.812,40.6,6.1
144.59,38.058,18.6,7.7
142.284,39.03,56.3,6.2
142.813,38.29,51.7,6.2
142.067,36.004,49.3,6.5
142.269,36.023,16.0,6.6
141.111,36.281,42.6,7.9
143.802,37.93,35.0,6.3
141.601,37.211,40.1,6.2
144.233,37.788,25.4,6.2
141.696,36.109,26.6,5.9
143.37,38.969,2.8,6.7
141.876,36.419,32.3,6.4
142.29,39.003,42.7,6.3
141.777,36.375,34.2,5.8
141.84,36.469,22.6,5.9
142.492,38.095,40.6,6.2
141.763,37.054,8.4,5.9
142.155,37.623,50.7,6.3
143.351,37.359,35.0,6.4
141.184,37.712,32.3,6.3
142.373,38.297,29.0,9.1
143.051,38.778,33.6,4.9
143.112,38.491,40.6,4.7
143.296,38.046,3.7,5.0
143.239,38.25,20.8,4.7
143.038,38.586,24.8,5.1
143.406,38.568,21.6,4.5
143.122,38.616,38.5,5.3
143.353,38.558,25.3,4.9
143.27,38.603,17.4,5.6
142.446,38.91,26.7,4.8
143.353,38.399,22.0,4.5
143.43,38.314,33.6,4.6
143.105,38.375,26.8,4.9
143.34,38.304,35.9,4.8
143.292,38.243,20.4,4.9
143.144,38.181,33.3,4.7
143.167,38.398,19.9,5.4
142.808,38.296,15.0,6.5
142.648,38.345,23.0,6.0
142.739,38.266,41.8,4.9
143.166,38.503,23.8,5.9
142.434,38.315,22.0,6.0
143.111,38.53,33.7,4.6
143.203,38.569,18.8,4.8
143.248,38.445,38.4,4.6
143.14,38.348,16.5,4.7
143.036,38.537,33.9,5.2
143.119,38.699,38.0,4.7
143.057,38.62,35.5,4.8
143.08,38.613,30.4,5.2
142.879,38.803,46.4,5.1
143.162,38.212,23.5,5.0
143.054,38.273,26.9,5.0
143.132,38.23,38.8,5.1
143.13,38.626,10.0,5.0
143.594,38.317,11.0,4.5
143.273,38.536,40.0,4.6
143.252,38.22,35.0,4.9
142.702,38.466,40.7,5.3
142.991,38.665,37.8,5.6
143.053,38.51,35.0,4.8
143.031,38.672,35.2,5.1
142.968,38.689,39.2,4.8
142.753,38.655,35.0,5.2
143.078,38.628,23.9,4.9
143.065,38.713,22.6,5.0
143.169,38.311,29.3,5.3
142.842,38.277,41.9,4.6
143.204,38.45,42.0,4.7
143.102,38.246,35.0,5.7
142.91,38.361,23.2,5.7
143.235,38.465,19.8,5.1
142.842,38.435,32.0,7.3
143.749,35.64,10.0,4.6
143.474,38.092,7.4,4.8
141.652,37.36,27.1,5.1
143.158,38.194,22.0,5.0
141.57,37.061,54.7,4.5
143.166,38.229,31.7,5.1
143.321,38.253,7.7,4.9
140.934,37.997,99.6,4.5
141.172,36.736,44.4,4.6
140.801,35.646,43.8,4.5
143.336,38.393,23.1,4.8
142.796,38.387,10.0,5.1
143.162,38.321,26.2,5.5
143.274,38.402,31.2,4.5
141.279,37.151,33.0,5.3
143.235,39.934,14.6,4.5
141.31,35.063,35.0,4.7
141.117,35.127,14.0,5.1
142.895,42.36,62.1,5.1
142.479,36.06,35.0,4.7
144.382,42.399,21.6,5.1
141.401,41.986,116.3,4.8
139.099,38.567,39.0,4.8
141.321,36.769,39.2,4.5
138.918,37.802,173.0,4.5
140.789,36.678,52.1,4.6
142.592,41.191,47.3,4.9
144.407,41.963,38.8,4.7
143.346,39.128,10.9,4.9
143.263,40.791,10.0,4.5
142.967,40.904,22.0,5.7
140.804,36.202,38.8,5.0
139.656,36.021,64.0,4.5
141.212,36.71,39.5,4.8
142.268,40.19,48.4,4.5
142.871,42.311,59.0,5.6
138.182,37.078,28.4,4.6
140.954,37.102,35.0,5.0
139.883,37.257,33.3,5.5
139.949,37.268,42.1,4.7
140.049,35.603,49.9,4.6
139.421,40.639,182.8,4.7
141.986,41.497,45.0,5.8
141.788,37.925,44.4,5.2
139.13,40.403,47.6,4.7
141.702,37.306,37.0,4.5
141.805,36.296,12.9,4.5
142.192,41.463,67.2,4.6
143.358,39.369,10.0,4.5
143.148,39.406,22.4,5.9
142.161,37.749,33.2,4.6
141.179,37.826,78.9,4.5
140.098,36.803,84.5,4.8
143.738,42.332,52.4,4.5
142.156,38.933,19.5,5.0
140.413,35.839,47.0,5.1
141.347,35.21,9.5,4.5
142.369,39.697,27.0,6.3
140.364,35.925,80.1,4.6
140.715,39.058,24.9,5.1
142.48,42.012,64.5,4.5
141.657,41.662,67.6,5.3
142.453,41.42,34.3,5.0
141.625,37.372,27.0,5.9
139.892,38.432,145.0,4.5
141.365,37.529,59.2,4.7
138.961,37.547,43.7,4.6
141.214,36.919,35.0,4.5
142.423,37.949,68.2,4.8
140.144,35.549,63.5,4.5
141.59,37.745,32.0,6.5
141.299,37.594,76.7,5.6
140.44,39.482,121.8,5.1
141.495,37.427,50.4,4.8
143.651,40.332,15.8,5.3
140.478,39.755,144.6,4.7
142.121,37.781,40.7,4.5
140.132,38.162,116.5,4.5
141.882,36.067,17.0,4.5
143.599,37.938,7.0,5.6
142.991,42.338,60.1,5.0
142.075,41.93,72.5,4.9
143.056,41.08,40.7,4.6
141.83,38.036,37.4,4.5
139.481,36.37,91.7,5.1
142.971,37.252,11.6,4.7
141.362,37.223,59.7,5.1
142.244,41.961,66.4,4.6
142.697,41.184,44.0,4.5
141.065,36.578,55.1,4.9
139.695,37.467,10.0,4.7
142.084,41.808,99.8,5.1
141.599,42.491,22.8,4.6
143.648,41.763,40.5,4.8
142.05,41.544,62.9,4.5
141.683,37.559,67.2,4.5
142.123,41.649,76.2,4.6
142.863,42.196,59.3,4.8
139.978,35.655,49.1,4.8
140.938,35.508,10.0,4.7
141.509,37.055,40.8,4.6
142.752,42.135,49.7,4.5
140.065,41.016,175.8,5.3
142.107,37.182,31.7,4.5
138.631,38.277,37.8,4.7
141.789,37.576,47.4,5.0
142.389,38.85,37.0,5.6
143.463,39.203,28.0,5.1
143.199,39.087,21.6,5.3
143.273,39.084,35.0,4.6
143.49,39.103,28.5,4.5
142.512,40.138,60.0,4.6
140.914,35.483,34.0,5.8
143.445,41.824,29.0,6.4
141.547,37.819,61.3,5.0
142.213,42.023,66.4,4.9
138.36,36.976,24.3,4.6
142.329,42.477,91.0,4.5
142.635,36.542,26.6,5.1
140.954,36.364,52.8,5.2
142.93,37.573,29.5,4.5
142.245,40.244,56.0,4.8
141.399,37.365,43.2,5.3
140.658,35.796,63.2,4.7
142.388,39.194,33.4,4.5
142.843,42.365,65.1,4.9
143.693,41.796,32.7,5.3
140.9,35.811,35.0,4.5
144.02,41.749,33.4,5.4
143.718,40.421,9.8,4.8
141.248,37.525,53.7,4.9
140.003,35.141,17.6,4.5
142.236,40.239,33.0,5.7
142.403,37.884,37.9,5.1
141.148,36.719,34.0,5.7
140.539,35.485,42.8,4.7
139.88,40.926,162.4,4.7
142.844,37.643,28.5,4.9
141.88,36.884,38.7,4.5
141.056,37.127,57.6,4.6
140.706,35.398,40.8,4.6
142.36,36.397,22.2,5.3
144.529,42.343,46.9,4.9
142.399,36.462,8.2,5.4
142.335,36.597,10.0,4.6
142.376,36.703,10.0,4.8
142.444,36.522,14.1,4.6
142.317,36.541,13.0,5.9
142.045,36.671,10.0,5.4
142.204,36.612,10.0,5.1
142.485,36.52,10.0,4.9
142.461,36.561,10.0,5.2
142.5,36.634,15.0,4.8
142.425,36.541,19.0,6.3
143.002,38.429,34.9,5.3
144.504,39.082,33.2,5.2
141.049,36.378,44.9,4.6
143.166,38.473,37.2,4.7
141.149,42.358,122.7,4.7
143.003,38.529,34.3,5.5
142.89,38.567,16.0,5.3
142.878,38.589,14.0,5.8
141.567,35.972,34.8,5.0
140.604,38.88,48.3,4.5
141.24,35.247,44.5,4.5
140.818,39.063,40.2,4.7
141.638,38.09,83.5,5.1
141.624,35.953,24.7,5.0
141.586,35.964,35.5,4.5
143.403,39.322,36.3,4.6
141.93,41.473,67.4,4.5
142.285,41.151,57.9,4.5
140.073,35.499,43.6,4.9
142.799,40.492,39.3,5.0
142.183,36.77,13.5,4.8
140.45,41.578,149.0,5.6
140.062,35.616,70.8,4.7
144.069,41.715,29.9,4.9
144.549,42.42,41.2,5.0
144.159,41.722,25.7,4.7
144.132,41.794,23.9,4.8
141.075,36.467,38.4,4.6
144.272,41.707,26.3,4.5
144.079,41.678,29.6,5.0
143.882,41.753,35.3,5.3
143.754,41.892,25.0,6.8
140.963,35.337,10.0,4.6
140.401,36.463,51.5,5.2
141.613,38.778,73.2,4.5
142.189,41.171,39.0,5.4
142.644,37.568,29.4,4.5
141.522,39.62,111.9,5.2
141.464,39.802,108.0,6.8
142.31,37.728,10.0,5.4
142.051,37.186,22.0,6.0
142.559,37.816,10.0,5.0
142.914,37.475,30.9,4.5
144.228,41.713,31.2,4.7
142.871,37.561,10.0,4.6
142.402,37.562,31.4,5.3
142.214,37.552,22.0,7.0
142.297,36.092,18.1,4.7
140.952,36.643,49.7,5.1
140.604,38.742,35.0,4.5
142.486,41.937,55.6,5.5
140.942,39.136,11.0,4.5
140.841,38.997,10.8,5.1
140.89,38.995,10.0,4.8
140.906,39.133,11.5,4.6
140.891,39.142,10.0,4.7
140.943,39.143,10.8,4.9
140.863,39.094,8.8,4.7
140.889,39.023,9.6,4.6
140.956,39.076,11.8,4.8
140.905,39.036,12.2,4.7
140.906,39.09,12.9,4.8
140.734,38.911,6.9,4.5
140.852,39.027,10.2,5.4
140.678,38.882,6.4,5.5
140.928,39.141,10.8,4.7
140.808,38.832,5.0,4.5
140.89,39.117,11.3,4.8
140.855,39.016,10.9,4.5
140.877,38.909,7.7,4.5
140.919,39.133,11.4,4.7
140.97,39.113,12.1,4.9
140.971,39.09,10.3,4.5
140.942,39.114,11.5,5.1
140.881,39.03,7.8,6.9
139.058,41.538,205.0,5.7
142.211,35.966,35.0,4.6
141.835,38.368,48.4,4.7
142.604,39.983,33.5,5.0
141.694,36.368,31.5,4.7
141.688,36.425,39.1,4.9
140.512,39.086,4.1,4.5
142.069,41.608,68.0,4.7
141.617,36.082,43.4,4.5
141.983,41.463,67.6,4.9
141.683,36.108,17.0,5.6
139.981,35.596,66.8,4.7
142.029,36.275,31.8,5.0
141.504,36.074,26.1,4.5
142.161,35.98,35.0,4.5
142.096,35.963,14.2,4.5
141.931,36.09,19.4,5.0
141.921,35.994,35.0,4.5
141.46,36.178,39.9,4.7
141.909,36.121,15.3,4.6
141.501,36.148,15.8,5.0
141.584,36.248,37.9,5.4
141.77,36.165,24.8,4.6
141.472,36.188,41.4,4.5
141.588,36.504,35.0,4.6
141.526,36.164,27.0,6.9
141.758,36.38,35.0,5.0
141.803,36.318,37.2,4.8
141.842,36.125,29.4,5.0
141.756,36.156,23.3,6.1
141.851,36.138,13.8,4.7
141.7,36.228,38.5,5.1
141.835,36.222,35.8,4.9
141.907,36.232,6.1,5.3
141.766,36.226,35.0,5.4
141.545,36.178,19.0,6.2
141.83,36.156,35.0,4.5
141.741,36.23,34.0,4.5
141.722,36.26,37.4,4.6
141.704,36.141,35.0,4.9
141.775,36.172,36.3,4.8
141.695,36.203,10.0,4.9
141.539,37.278,37.7,4.9
141.465,37.077,42.6,4.9
142.03,41.452,46.7,5.8
140.46,35.62,46.4,5.1
140.005,39.028,166.0,5.8
139.592,36.062,63.0,4.9
142.064,39.51,72.1,4.8
141.292,37.137,41.8,5.2
144.295,41.709,25.0,4.6
141.902,36.211,73.0,4.6
140.612,36.453,57.0,5.2
141.132,36.391,45.8,4.8
141.149,36.719,46.1,4.9
142.969,42.283,84.2,4.9
142.064,41.201,70.9,4.7
141.123,36.546,42.1,4.7
141.953,39.374,46.5,4.6
142.026,38.503,48.4,6.1
142.036,41.602,58.8,4.9
140.696,36.427,52.9,4.6
141.16,35.505,37.2,4.7
142.178,42.017,74.1,4.6
141.586,37.392,42.4,5.9
141.458,37.938,91.8,4.6
141.611,38.358,61.3,4.5
141.692,37.682,42.2,4.5
142.492,41.423,49.5,4.5
143.667,41.942,35.0,4.5
140.505,35.567,57.9,5.0
138.994,35.183,32.9,4.7
141.134,35.068,19.3,4.7
140.405,35.066,78.9,4.5
140.832,35.185,44.8,5.0
142.567,41.99,62.7,4.5
143.277,41.807,14.8,5.0
140.638,42.02,123.6,5.6
140.088,35.248,33.3,5.2
140.18,35.296,35.2,4.5
140.18,35.36,26.9,5.0
140.507,35.296,11.9,5.0
140.286,35.29,44.0,4.9
140.269,35.378,48.7,5.2
138.541,37.482,47.5,4.9
138.467,37.502,15.1,5.7
138.446,37.535,12.0,6.6
140.521,35.773,64.2,4.5
141.248,41.919,129.6,4.7
141.336,35.211,5.6,4.8
141.163,35.207,69.7,4.6
141.121,35.24,40.0,4.7
141.482,35.286,40.6,4.8
141.283,35.226,35.0,4.6
141.274,35.215,35.0,4.5
141.66,35.417,35.0,4.6
141.134,35.193,39.4,5.1
140.332,38.796,117.1,4.5
145.079,41.743,18.1,4.7
139.832,36.135,69.7,4.5
141.991,41.597,58.3,5.5
140.13,35.76,73.6,4.6
143.558,42.44,56.1,5.3
142.011,35.595,47.3,5.0
141.222,36.645,37.4,4.5
140.238,36.793,125.7,4.6
141.42,38.859,74.5,4.9
143.129,42.21,56.8,4.6
144.004,42.159,35.0,5.5
141.215,41.956,125.0,4.7
140.71,35.706,52.4,4.6
143.289,39.125,30.0,4.5
142.724,41.345,43.4,4.9
139.72,41.842,196.5,4.5
143.602,41.771,35.0,5.3
143.553,41.794,31.0,6.0
143.697,41.734,30.3,4.7
141.078,39.823,100.4,4.6
142.714,41.182,29.9,5.0
138.815,37.169,46.2,4.5
138.162,37.791,37.3,4.5
144.725,42.195,34.8,5.1
140.491,35.639,62.9,4.6
142.57,36.437,34.5,4.6
143.029,42.349,58.8,4.9
143.037,42.412,61.0,4.6
142.86,37.514,24.6,4.8
142.828,37.346,10.0,4.9
142.664,37.197,9.0,6.0
142.721,38.508,67.9,5.1
144.926,38.228,28.3,4.6
142.018,38.297,66.3,4.6
140.134,35.591,66.0,4.8
140.837,35.48,49.7,5.1
139.882,35.527,90.5,4.8
143.542,39.667,36.4,5.1
141.219,39.401,119.8,4.5
139.103,35.274,53.2,4.7
139.947,35.515,24.1,4.7
142.318,40.171,46.4,5.3
142.156,38.47,40.0,5.2
139.994,35.722,80.9,4.8
142.513,40.175,45.2,4.5
143.612,40.329,28.8,5.5
143.712,40.349,30.0,5.5
143.674,40.316,28.1,4.8
144.292,41.891,30.3,4.7
142.249,38.667,49.8,4.5
139.986,35.025,70.5,4.5
142.493,42.064,66.8,4.8
142.203,41.968,110.8,4.7
139.826,38.289,154.1,4.9
144.246,42.198,30.3,4.8
142.045,41.571,66.7,4.5
142.707,41.85,37.2,5.3
141.169,37.493,79.6,4.8
142.839,41.599,50.7,4.5
141.468,37.188,78.6,4.6
142.983,42.325,51.0,4.8
141.587,35.981,31.5,4.7
141.528,36.041,33.9,5.0
141.766,36.057,59.0,5.1
141.765,36.048,58.0,4.6
142.364,40.079,3.3,5.0
142.319,36.054,31.9,5.2
139.77,38.348,52.2,4.5
141.517,36.175,36.8,5.3
141.527,36.206,30.8,4.8
141.566,36.171,31.6,4.7
141.462,36.582,31.5,5.1
141.449,36.156,28.0,5.7
141.823,37.841,66.6,4.5
139.812,35.641,103.5,5.1
142.342,38.321,41.8,5.3
142.131,37.774,25.8,5.7
142.439,41.612,27.3,4.8
144.762,38.26,68.8,4.9
139.907,36.218,67.9,4.7
143.311,37.92,28.0,5.0
141.9,38.506,42.9,6.0
143.447,39.128,28.6,4.8
142.443,37.884,35.2,5.2
142.639,40.143,45.7,5.0
142.122,38.089,29.0,6.5
145.068,38.026,10.0,4.9
144.902,38.145,10.0,4.7
141.044,36.327,40.9,4.8
141.054,36.336,43.2,4.9
145.028,38.167,10.0,4.6
144.896,38.107,11.0,7.0
140.834,36.554,59.1,4.6
142.763,40.126,38.6,5.0
138.313,37.361,24.4,4.5
144.831,37.56,17.7,4.9
141.983,38.5,59.7,5.0
140.931,37.148,53.2,5.5
140.839,36.405,32.0,6.3
141.998,37.905,41.5,5.0
138.911,40.625,44.8,5.1
139.059,40.638,35.0,5.3
139.773,36.014,40.3,5.0
141.923,37.912,46.5,5.0
140.171,39.32,150.6,4.8
142.28,38.12,45.0,4.7
141.185,37.065,51.1,4.5
140.629,35.66,69.2,4.8
143.146,38.334,40.3,4.5
141.91,41.514,70.1,5.0
143.08,38.359,40.5,4.6
143.319,38.495,10.0,4.5
143.2,38.495,23.0,5.2
143.175,38.481,21.1,6.1
143.184,38.441,10.0,4.8
143.311,38.523,10.0,4.9
143.072,37.736,38.2,5.1
143.156,38.391,10.0,4.7
142.987,38.564,10.0,6.1
143.154,38.48,10.0,5.9
138.588,37.276,13.3,4.8
143.134,40.993,27.4,4.8
141.926,38.228,74.9,4.6
141.669,38.068,70.8,4.6
142.207,37.972,74.3,4.5
142.039,38.276,36.0,7.2
142.943,42.39,52.6,4.7
141.367,36.326,39.2,5.5
142.801,41.654,22.1,4.5
140.01,35.492,61.6,4.9
143.384,39.739,20.4,4.6
139.61,36.102,88.1,4.8
140.041,35.152,71.7,4.5
139.982,35.498,61.0,5.9
140.571,35.691,65.8,4.6
140.935,36.373,48.6,4.8
143.285,39.482,27.0,4.7
143.104,39.67,26.3,5.1
143.128,39.505,41.7,5.3
140.622,41.823,126.0,4.5
144.194,42.156,40.7,4.7
138.42,37.206,15.9,4.9
140.695,35.655,48.3,4.7
140.479,35.612,48.2,5.7
140.03,35.469,67.1,4.5
140.461,35.55,73.5,4.9
140.364,38.575,109.6,5.1
142.074,38.823,43.4,4.7
140.827,35.432,47.5,5.3
140.583,35.699,53.0,4.9
140.405,35.412,70.9,4.5
138.93,41.481,208.4,5.0
141.06,35.114,46.4,4.6
143.237,39.554,54.9,4.5
144.469,42.315,38.9,4.7
140.078,35.535,63.6,4.5
140.401,35.604,43.0,5.9
141.645,37.387,37.6,5.1
144.983,42.489,33.3,4.7
143.034,40.818,55.5,4.5
143.11,40.887,42.6,4.5
142.886,41.387,35.0,4.8
142.376,40.731,68.0,5.7
139.686,35.982,46.2,5.5
142.813,42.432,64.9,4.5
139.984,36.154,81.2,4.9
141.794,36.68,23.1,4.8
143.707,41.775,33.7,4.7
143.643,41.834,21.9,5.4
138.867,37.331,20.7,4.5
145.326,42.437,38.3,4.9
142.065,41.456,65.5,5.4
140.835,36.857,89.6,5.1
141.493,38.921,70.8,5.0
142.018,38.455,44.5,5.7
138.787,37.239,35.8,4.8
142.609,38.077,37.8,4.6
141.4,36.382,37.0,5.2
142.893,42.16,64.3,4.7
141.992,41.473,69.1,4.9
141.997,41.559,74.0,4.5
142.899,42.377,58.0,5.7
143.983,41.803,26.7,5.1
138.802,37.333,18.9,4.5
144.049,41.715,25.0,5.5
144.054,41.7,20.0,5.0
144.054,41.693,16.6,5.2
141.743,36.254,22.7,4.6
144.344,42.139,32.8,6.1
138.825,37.368,10.3,5.1
138.811,37.295,10.0,4.9
138.896,37.391,10.0,4.9
138.836,37.327,10.0,5.0
138.862,37.396,10.0,5.5
138.884,37.338,10.0,5.1
138.752,37.434,10.0,5.3
142.77,38.837,23.1,5.2
138.747,37.185,10.0,4.8
138.873,37.299,10.0,4.6
138.885,37.284,14.1,6.0
138.701,37.308,11.0,5.7
138.676,37.187,13.2,5.2
138.928,37.05,15.3,4.8
138.633,37.266,10.0,4.8
138.77,37.206,16.6,4.6
138.732,37.286,14.5,5.2
138.897,37.24,10.8,5.2
138.655,37.305,10.0,5.7
138.64,37.225,10.0,5.7
138.745,37.193,10.0,5.6
138.733,37.222,10.0,4.6
138.808,37.357,10.0,4.8
138.715,37.322,10.0,4.5
138.928,37.187,10.0,4.5
138.942,37.175,10.0,4.5
138.808,37.318,10.0,6.3
138.709,37.217,10.0,4.5
138.535,37.218,10.0,4.7
138.608,37.239,18.0,5.8
138.772,37.285,10.0,5.4
138.816,37.318,10.5,6.1
138.866,37.268,10.0,5.7
138.779,37.226,16.0,6.6
141.305,36.237,47.0,5.8
141.343,36.189,33.6,5.4
143.037,42.411,48.4,5.2
139.919,35.95,64.0,5.8
141.937,39.373,94.7,4.6
141.367,41.34,131.9,4.9
143.041,40.82,45.3,4.8
142.954,42.392,51.8,5.0
142.221,42.076,51.3,4.8
138.968,37.321,8.6,4.6
142.183,41.974,78.7,4.7
141.768,36.807,45.0,4.5
141.607,36.959,34.9,5.7
141.117,35.055,35.2,5.1
141.105,35.107,39.0,4.5
141.01,35.072,44.1,4.5
141.115,35.05,27.0,5.3
141.235,35.057,40.0,4.6
141.287,37.117,77.6,4.9
143.329,41.472,50.3,4.6
143.317,41.522,41.4,4.9
143.476,41.491,24.2,4.6
143.4,41.482,36.0,5.1
141.956,39.633,69.7,5.7
139.836,35.522,85.5,4.7
139.573,38.018,148.2,4.5
141.241,35.03,35.0,4.5
142.937,42.388,48.5,4.6
142.113,41.013,71.0,4.6
142.988,40.979,32.2,5.4
143.139,40.972,28.5,4.5
143.083,40.972,30.4,5.4
141.636,36.792,45.0,4.5
139.679,36.075,50.1,4.7
141.866,37.936,41.6,4.7
142.368,42.13,70.8,5.0
141.267,40.538,100.6,4.7
143.063,40.961,45.3,5.1
139.87,35.32,62.7,4.5
141.589,39.002,67.8,4.7
144.058,41.764,7.2,4.7
141.497,37.57,47.2,4.8
138.592,39.975,38.5,4.8
144.074,41.638,45.2,4.8
144.151,41.72,10.0,4.9
142.847,36.595,10.0,4.7
144.188,39.111,51.9,4.8
142.11,39.953,69.3,4.6
142.958,42.395,49.9,5.8
142.867,36.507,34.4,4.5
142.806,36.307,10.0,4.5
144.811,41.947,13.8,4.7
141.243,41.668,96.4,4.5
141.881,37.752,29.3,5.8
140.931,36.626,64.3,4.5
144.363,41.957,24.2,4.5
140.613,35.677,63.9,4.7
141.781,37.319,36.4,4.8
141.233,35.345,45.1,4.5
141.397,37.345,54.0,4.6
144.946,42.5,41.2,4.5
141.023,38.323,83.4,4.6
143.111,38.602,29.7,4.9
142.821,42.318,62.1,4.6
140.979,36.815,58.0,4.6
145.021,42.491,28.4,5.4
144.661,42.045,26.6,4.5
140.08,36.772,116.1,4.5
142.245,40.82,84.7,4.8
142.106,41.397,86.4,4.5
141.463,35.861,40.8,4.8
141.549,35.784,41.6,4.5
144.397,42.259,15.8,4.5
142.998,39.794,53.6,4.6
141.008,36.428,31.0,6.0
142.056,37.201,20.7,4.8
144.299,41.823,32.8,4.8
144.105,41.733,30.6,4.6
144.288,41.765,10.0,4.6
144.303,41.81,12.8,5.0
144.209,41.863,22.4,5.8
143.882,42.139,48.8,5.0
144.531,42.298,38.3,5.1
141.747,36.237,36.3,4.7
138.279,37.559,41.2,4.8
143.29,41.485,41.8,4.6
140.886,36.297,48.9,5.4
141.949,36.718,31.2,4.8
145.379,42.266,10.0,4.7
144.773,42.329,47.3,4.8
139.139,35.606,127.4,4.5
142.959,42.447,49.9,4.9
141.047,35.451,8.1,4.5
142.451,41.362,67.2,4.6
141.687,40.155,62.2,5.2
140.837,38.794,10.0,4.9
141.014,37.043,107.8,4.7
141.781,38.96,67.8,4.5
140.993,37.264,64.3,5.3
143.165,42.261,57.6,4.7
143.697,41.755,31.1,4.9
144.97,42.461,32.1,4.8
143.286,42.224,44.8,5.0
138.33,36.163,158.8,4.7
142.167,37.193,60.8,4.5
142.315,41.93,80.8,4.5
143.256,41.08,42.1,4.5
144.66,42.356,39.2,5.0
142.354,38.1,33.0,4.5
144.613,42.423,33.0,6.1
144.283,42.34,33.0,5.1
142.088,41.652,65.1,4.5
138.245,37.869,33.0,4.8
144.563,42.343,42.7,4.6
144.598,42.279,37.5,5.6
144.781,41.867,33.0,4.5
142.948,42.496,33.0,5.2
141.957,41.16,66.4,5.1
142.906,38.141,33.0,4.6
144.732,42.36,33.0,5.9
144.979,41.907,33.0,4.6
143.171,37.295,33.0,4.5
143.007,42.346,33.0,5.3
142.891,42.325,58.5,4.7
143.24,37.698,10.0,5.1
140.912,35.434,38.7,5.2
141.314,36.435,35.4,4.7
144.51,41.192,33.0,4.5
144.614,42.377,44.7,4.6
141.775,36.324,33.0,4.6
144.088,41.599,33.0,5.0
143.219,37.825,10.0,4.7
142.879,37.932,10.0,5.1
141.072,36.396,41.1,5.7
144.161,42.074,33.0,4.8
142.117,41.857,74.4,5.0
144.028,41.982,33.0,4.5
143.272,37.348,10.0,4.8
143.517,37.917,10.0,5.0
143.055,37.327,10.0,4.7
144.226,41.798,33.0,4.5
143.171,37.429,10.0,4.9
143.235,38.153,10.0,5.0
140.601,36.43,77.9,4.6
144.447,41.823,33.0,4.6
142.936,37.427,10.0,4.8
144.724,41.914,33.0,4.5
144.794,41.815,33.0,4.8
144.306,41.271,33.0,4.8
144.93,41.889,33.0,4.6
142.313,37.435,10.0,5.4
143.066,37.734,10.0,5.3
143.293,37.707,10.0,4.6
144.293,42.166,33.0,5.1
143.164,37.416,10.0,4.7
143.062,37.453,10.0,4.8
143.267,37.632,10.0,4.6
143.083,37.742,10.0,5.9
143.095,37.442,10.0,4.6
143.157,37.835,10.0,4.8
144.412,41.771,33.0,4.9
143.164,37.793,10.0,5.0
142.558,41.406,33.0,5.0
139.829,38.602,153.2,5.2
143.077,37.829,10.0,4.6
143.113,37.796,10.0,4.6
142.835,37.834,10.0,4.7
142.619,37.812,10.0,7.0
140.12,37.384,10.0,4.6
143.58,41.574,33.0,4.8
144.51,41.906,33.0,4.6
144.081,41.6,33.0,5.1
141.665,36.221,67.5,4.5
144.795,41.877,33.0,4.7
139.871,35.457,77.7,5.2
141.177,35.496,33.0,4.8
144.119,41.346,33.0,4.9
144.165,41.616,33.0,5.3
143.974,41.704,33.0,4.6
144.882,42.19,33.0,4.6
144.601,41.334,33.0,4.6
144.447,42.341,33.0,4.6
143.683,41.746,33.0,5.6
144.292,42.064,33.0,4.5
144.396,41.85,33.0,5.3
144.358,41.924,33.0,5.8
144.747,42.067,33.0,5.1
143.508,41.471,33.0,5.6
145.225,41.752,33.0,4.5
144.689,42.21,33.0,5.8
144.282,42.24,33.0,4.9
144.72,42.227,33.0,5.9
142.891,37.493,33.0,4.8
144.027,41.802,33.0,4.6
144.658,42.462,33.0,5.2
144.712,42.238,33.0,4.9
144.989,42.273,33.0,5.1
144.638,42.227,33.0,5.5
144.827,41.929,33.0,4.9
142.336,41.982,73.4,4.8
144.203,42.266,33.0,4.8
144.574,41.98,33.0,4.5
144.082,41.946,33.0,4.5
143.78,42.169,35.6,4.6
144.768,42.068,33.0,4.8
144.664,42.118,33.0,4.6
141.969,41.779,33.0,4.6
144.478,41.992,33.0,4.8
144.852,42.177,33.0,4.8
144.939,42.197,33.0,5.1
142.024,36.556,33.0,4.5
141.733,38.658,33.0,4.5
142.873,42.266,33.0,4.8
142.065,38.145,10.0,4.5
142.564,38.134,33.0,4.6
143.463,41.409,33.0,4.8
143.447,41.874,33.0,5.2
144.04,41.421,33.0,4.7
144.141,41.914,33.0,4.6
143.464,41.373,33.0,5.3
144.478,41.793,33.0,4.8
144.4,42.009,33.0,5.4
144.09,42.056,33.0,4.5
144.059,41.394,33.0,4.9
144.727,41.95,33.0,5.1
142.32,42.054,65.2,4.5
144.091,41.469,33.0,4.8
144.66,41.948,33.0,5.0
144.185,41.388,33.0,5.3
143.891,41.452,33.0,4.9
143.958,41.462,33.0,4.9
144.151,41.4,33.0,5.6
144.836,42.182,33.0,4.7
144.045,41.406,33.0,4.7
144.486,42.431,33.0,4.7
144.367,42.045,33.0,5.5
143.934,42.364,47.4,4.7
143.937,42.391,33.0,5.4
144.38,42.45,25.0,6.5
144.139,41.935,36.7,4.5
144.712,42.1,33.8,5.1
144.746,41.966,34.1,4.8
144.457,41.868,33.0,4.6
145.165,41.885,30.4,5.4
144.568,41.951,33.0,4.8
144.559,41.983,30.9,4.5
143.269,42.247,33.0,5.2
144.564,42.127,33.0,5.0
142.847,42.242,33.0,5.3
144.367,42.235,33.0,5.0
144.604,41.991,33.0,4.8
144.386,41.788,33.0,4.8
143.562,41.781,33.0,4.8
144.776,41.91,33.0,4.8
144.165,41.7,33.0,4.9
144.129,41.813,33.0,4.8
144.084,42.04,33.0,4.8
144.712,41.885,33.0,4.7
144.533,41.992,33.0,4.8
144.576,41.988,33.0,6.0
144.127,41.725,33.0,4.5
144.021,42.138,33.0,4.7
144.67,42.156,33.0,5.9
144.738,42.083,33.0,5.3
143.748,41.649,33.0,5.2
144.448,41.996,33.0,5.6
144.086,41.667,33.0,4.8
144.041,41.697,33.0,4.7
143.612,42.326,33.0,5.0
143.766,42.008,33.0,5.4
143.718,42.071,33.0,4.7
143.639,42.305,33.0,4.6
144.133,41.801,33.0,4.7
143.593,41.774,33.0,7.4
143.96,42.412,33.0,4.9
144.231,41.807,33.0,5.5
143.637,41.73,33.0,5.7
143.788,41.767,33.0,4.9
143.496,41.843,33.0,4.7
143.687,41.836,33.0,5.6
144.268,41.787,33.0,5.3
143.764,42.343,33.0,5.5
143.91,41.815,27.0,8.2
144.993,41.917,33.0,4.8
142.836,41.434,69.7,4.6
140.872,35.814,41.9,4.7
141.193,38.546,10.0,4.5
142.552,41.864,51.9,5.5
141.609,39.053,66.2,4.5
139.968,35.63,79.9,5.0
141.102,38.803,10.0,4.5
140.482,36.472,71.9,4.7
141.025,38.543,10.0,5.1
141.002,38.484,10.0,5.3
141.055,38.509,10.0,5.1
141.457,38.513,10.0,4.6
140.996,38.415,6.0,6.1
140.972,38.671,10.0,4.5
141.003,38.432,10.0,5.5
140.17,41.499,33.0,4.5
141.497,38.897,76.8,4.7
143.011,39.622,60.0,4.7
140.886,35.575,70.7,4.5
139.883,35.643,20.8,4.5
144.906,42.399,33.0,4.7
144.986,42.416,33.0,5.4
144.889,42.272,37.6,4.7
144.842,42.323,23.9,5.9
143.12,40.906,33.0,5.1
143.024,42.32,61.8,4.6
141.087,37.099,77.5,4.8
140.572,38.423,71.3,4.5
139.436,41.53,42.0,4.6
141.549,38.878,64.3,4.7
140.61,36.393,62.3,4.8
140.685,35.404,66.6,4.8
141.591,38.94,67.3,4.7
143.678,39.214,33.0,4.6
141.695,38.861,72.7,4.5
141.593,39.113,65.8,4.7
141.561,39.01,67.4,4.8
141.324,39.455,33.0,4.6
141.474,38.963,74.7,4.6
141.489,38.753,66.7,4.6
141.466,38.88,73.1,4.6
141.568,38.849,68.0,7.0
140.941,40.384,33.0,4.5
142.886,36.319,50.8,4.5
140.551,35.591,50.0,5.4
139.859,41.26,42.8,4.5
139.929,35.782,76.7,4.7
139.904,35.794,66.8,5.3
139.87,35.679,89.7,4.5
142.125,37.099,33.0,4.7
141.1,36.38,53.2,4.9
141.545,36.497,33.0,4.5
140.719,36.526,70.2,4.6
142.208,40.983,57.0,5.4
143.051,42.371,50.1,4.5
141.884,37.862,70.2,4.6
139.762,36.008,75.8,4.5
141.736,36.298,51.7,4.7
141.679,36.296,33.0,5.8
142.225,37.953,41.0,4.5
142.328,40.163,56.3,4.7
142.897,42.453,98.5,5.1
142.391,41.951,62.8,4.6
139.678,35.982,69.5,5.2
140.726,42.031,121.0,4.6
141.719,37.68,42.6,5.8
142.42,41.994,68.2,4.7
141.019,37.417,65.1,5.2
142.47,40.164,45.1,4.6
143.047,41.172,33.0,4.9
143.018,41.137,33.0,4.8
140.938,36.327,40.7,5.3
143.784,40.428,33.0,4.5
142.339,42.068,67.7,4.5
141.15,36.378,33.0,5.2
143.005,42.325,55.4,4.9
142.281,41.085,57.2,5.0
141.732,38.864,92.9,4.7
141.435,37.17,41.6,4.8
143.07,40.94,34.3,5.0
142.426,40.201,33.0,4.6
142.148,41.128,33.0,4.6
144.558,42.329,40.3,4.9
142.064,38.921,43.6,5.0
142.186,38.729,40.2,5.4
143.271,41.741,33.0,4.8
141.783,38.658,85.1,4.6
144.963,42.492,33.0,5.4
142.716,41.625,56.8,4.5
142.0,38.871,50.1,5.1
142.444,38.952,33.0,4.6
141.977,38.886,39.0,6.4
140.926,35.508,62.5,4.5
141.195,37.078,34.7,4.6
139.919,39.838,40.2,4.7
141.198,36.364,33.0,4.5
141.071,36.353,41.5,5.5
143.099,40.456,40.4,4.5
140.693,35.693,59.6,4.7
142.249,41.174,61.4,6.1
142.621,37.753,30.7,5.5
142.591,37.699,47.7,5.0
142.554,37.522,33.0,4.7
141.467,36.862,33.0,4.5
141.184,38.615,49.9,4.5
142.241,41.944,73.4,4.6
142.151,40.303,54.5,4.5
142.591,41.106,54.0,5.1
141.146,40.572,101.2,4.5
142.997,42.284,61.4,5.2
142.216,37.251,33.0,5.7
140.084,35.879,72.0,4.8
142.132,41.762,54.6,4.8
141.721,36.316,33.0,4.5
141.914,36.257,33.0,4.6
141.982,41.615,70.1,4.5
141.672,36.084,32.3,4.9
143.288,39.817,33.0,4.6
143.148,39.912,33.0,4.7
142.384,40.266,33.0,4.7
140.555,35.657,71.1,4.7
141.775,36.08,33.0,4.5
141.71,36.125,33.0,5.3
141.644,36.188,47.2,4.6
142.272,41.963,72.5,4.5
139.85,36.222,51.7,4.9
142.007,41.561,67.3,5.1
140.071,35.543,67.6,4.7
144.206,41.622,21.3,4.8
140.995,39.225,95.5,5.4
142.077,38.494,42.1,5.1
140.254,35.361,33.0,4.8
142.093,41.63,70.1,5.0
144.676,42.166,33.0,4.5
138.7,37.015,33.0,4.6
142.813,39.987,35.9,5.3
142.18,37.622,60.1,4.5
141.851,41.543,71.4,5.7
141.924,41.603,73.1,4.7
143.496,42.49,76.1,4.7
142.112,36.603,22.1,4.6
142.106,40.363,63.1,4.7
140.646,36.37,83.6,4.6
145.365,40.436,33.0,4.6
143.09,35.621,33.0,4.8
142.029,41.472,61.0,5.5
140.949,36.588,45.0,5.6
141.015,35.643,46.9,5.4
143.332,39.763,32.9,4.7
140.055,36.115,66.3,4.5
141.865,37.785,41.0,4.8
142.083,37.699,42.8,4.7
145.197,40.463,33.0,4.6
142.327,39.288,49.1,5.3
142.79,37.819,53.7,4.6
142.807,37.825,33.0,4.8
140.566,35.802,75.7,4.6
140.695,38.179,84.4,4.7
139.046,35.528,60.2,4.5
141.089,39.402,123.8,6.5
143.503,39.127,33.0,4.6
143.339,39.119,33.0,4.8
143.251,39.132,33.0,4.7
143.04,39.191,33.0,5.2
144.102,41.556,33.0,5.1
142.445,42.06,69.3,4.9
142.605,37.903,28.1,4.5
140.036,35.503,63.8,4.6
141.973,39.298,71.6,4.9
142.101,41.352,66.8,4.8
144.172,41.598,33.0,4.6
142.543,41.961,82.5,4.6
141.775,37.739,42.9,5.6
140.035,36.406,73.8,4.6
139.946,36.352,91.5,4.6
141.024,35.815,33.0,4.6
141.299,37.455,81.2,4.6
141.383,36.748,46.3,5.3
141.021,36.353,43.2,5.2
142.191,41.122,58.8,5.2
142.356,42.2,74.1,4.5
142.398,41.059,56.0,4.6
142.308,41.046,38.0,6.4
144.68,41.229,33.0,4.5
141.674,37.345,34.8,4.9
141.489,36.035,33.0,5.1
141.857,37.941,51.4,4.5
139.669,36.132,74.7,4.9
141.339,39.831,85.3,4.6
140.372,35.681,83.4,4.5
142.946,37.786,43.7,4.7
141.334,36.313,55.9,4.7
142.602,41.73,47.3,4.7
141.464,37.023,62.5,4.6
139.68,36.137,56.9,4.7
140.576,35.637,45.4,5.0
142.344,40.601,46.8,4.7
143.092,40.969,33.0,5.0
143.013,42.373,54.5,4.8
142.527,42.065,66.8,4.7
141.768,41.436,65.2,4.5
140.846,35.494,47.6,4.8
141.487,37.493,45.2,5.4
140.245,35.182,100.0,4.8
141.772,40.589,63.8,5.5
139.309,36.771,10.0,5.0
143.255,38.383,33.0,5.2
141.154,36.398,42.0,4.8
141.292,36.03,33.0,4.7
141.964,41.628,74.6,4.6
140.814,36.638,54.0,4.7
142.131,37.201,33.0,5.3
141.143,35.141,33.0,4.6
142.146,37.217,33.0,5.9
141.889,41.589,67.3,4.8
141.627,36.052,33.0,4.5
138.629,36.981,21.4,5.3
138.431,37.218,33.0,4.9
142.174,42.398,60.5,4.8
140.948,35.748,59.8,5.7
140.696,35.588,67.5,4.6
142.302,40.648,80.2,4.6
141.402,37.556,49.1,5.3
143.488,41.826,33.0,4.6
144.765,42.489,33.0,6.0
142.409,36.212,33.0,4.5
142.256,36.275,33.0,5.2
143.703,41.745,33.0,4.6
140.13,35.724,85.6,4.7
142.006,41.065,77.7,4.5
140.95,35.455,70.2,4.7
142.769,42.438,46.9,4.8
143.124,40.282,33.0,6.3
139.625,35.38,99.1,4.8
140.837,35.811,45.2,4.8
140.67,38.006,105.1,4.5
140.964,36.607,49.7,4.8
143.202,40.289,33.0,5.2
143.497,39.826,33.0,4.6
139.448,35.988,83.1,4.6
142.383,42.086,78.0,4.5
140.296,35.673,82.9,4.5
142.104,37.814,33.0,5.0
139.867,35.707,89.7,4.7
142.494,42.234,33.0,5.0
145.102,42.197,33.0,4.7
141.42,36.244,33.0,5.5
141.564,36.386,33.0,4.6
141.313,36.381,47.8,4.5
140.051,35.562,91.0,4.5
144.877,40.36,33.0,4.5
142.809,41.935,33.0,4.6
143.582,39.576,33.0,5.4
141.989,39.769,73.4,4.6
141.066,35.181,52.4,5.7
140.983,36.51,47.1,6.0
143.065,38.812,33.0,5.4
140.644,35.88,10.0,4.6
140.841,36.146,10.0,4.9
140.807,36.148,33.0,4.8
144.411,39.115,10.0,5.2
142.51,36.356,50.8,5.4
141.503,37.399,42.1,5.4
142.662,41.488,33.0,4.5
141.747,41.345,84.1,4.9
140.853,41.482,143.5,4.5
141.696,37.992,64.6,4.8
140.464,35.552,62.3,6.2
141.198,37.083,49.3,4.5
142.429,41.519,33.0,4.7
140.605,36.427,63.4,4.8
143.235,40.299,33.0,4.5
140.985,36.306,43.8,4.7
142.45,40.252,33.0,4.5
143.269,40.276,33.0,5.0
143.288,40.244,33.0,5.0
143.245,40.274,33.0,5.2
143.659,40.54,10.0,4.7
143.738,40.434,10.0,5.4
140.826,42.345,127.6,4.7
143.236,40.178,33.0,5.6
143.328,40.309,29.9,5.4
139.899,37.685,43.6,4.6
143.242,40.319,10.0,5.3
141.135,36.602,52.7,4.6
138.995,41.628,218.2,4.5
143.232,38.741,33.0,4.7
142.291,40.131,33.0,5.1
140.346,35.598,88.3,4.5
139.86,36.184,79.6,4.9
141.336,37.989,80.1,5.3
142.967,42.359,62.1,4.7
145.178,37.269,33.0,5.4
143.107,39.978,33.0,4.9
140.781,39.047,33.0,5.1
142.65,36.672,33.0,4.6
140.902,36.652,44.4,4.8
143.216,39.574,33.0,4.7
141.338,37.258,33.0,4.7
144.422,39.447,33.0,4.6
143.84,40.713,33.0,4.6
142.542,37.891,30.5,4.8
143.745,40.72,33.0,4.8
140.626,36.389,68.6,4.9
141.515,37.28,56.0,5.4
143.17,41.01,33.0,4.7
